video_id,clip_similarity,label
lepHJI4ze-w,0.28734105825424194,1
ezwXAlJ5pAY,0.2346726804971695,1
i6_OomloWUg,0.26113197207450867,1
VvuuR7HifUY,0.24804720282554626,1
uwIjrEbywnk,0.31796926259994507,1
RLkdkdQI-ZU,0.18059435486793518,1
7g9xcCMdwns,0.2778533697128296,1
rSXyLqvlUA0,0.26798829436302185,1
yjex6KjvJ4M,0.2966100573539734,1
XGPex66EyTU,0.28509819507598877,1
Ls5yMv96vXo,0.25256896018981934,1
6E7nxP3iD4c,0.28859126567840576,1
IGS04NYSG0c,0.24918106198310852,1
fAbrKxrq9pw,0.26429998874664307,1
dqYOg04QwfI,0.30494868755340576,1
SToocHIhCN4,0.30769410729408264,1
t5mjLoStmFU,0.3020690977573395,1
kKj0yzRyOpg,0.2930885851383209,1
aVkG59wJKec,0.18844778835773468,1
mHddP1CDTQ0,0.22404515743255615,1
iV1kP5ERQvE,0.27325281500816345,1
h2pe4zpWXT4,0.29969334602355957,1
Y4id5tlTYsY,0.2975271940231323,1
Lra2N5CsyDA,0.2975218594074249,1
7Tuhg0tyzT4,0.3288015127182007,1
-V1Z5tJzktY,0.3310224413871765,1
eVvjsXjeiB4,0.2857968211174011,1
4KjapCzpWQg,0.26268959045410156,1
Q19ddpjmbwY,0.24350903928279877,1
81v7fgp3Two,0.2530365288257599,1
rah4QI41Lgg,0.28703606128692627,1
efXOrthfd2U,0.2658933401107788,1
kNZpnFo20Sk,0.2878360450267792,1
MVjD3CVlRDs,0.23686246573925018,1
SH8SDdxstco,0.2775317430496216,1
HXDLxqSh52M,0.23981522023677826,1
uKpEcfPjy1I,0.2580687999725342,1
-zAUGYmJaEI,0.266741544008255,1
swadfg2DtYo,0.2733430862426758,1
n32O01tUyvo,0.30750155448913574,1
qUL0EyCRAgM,0.26959455013275146,1
dik8ItxhfgE,0.26210448145866394,1
KWGE8_7Cj7Q,0.27649447321891785,1
OX5d5IaoDn4,0.2740269601345062,1
buvIEPekwoc,0.2658464312553406,1
WFIKtJ3nXyQ,0.21442675590515137,1
EWzj9rErGQI,0.2772677540779114,1
jPvt-ap8Jbc,0.2840375304222107,1
WA0BqYkg21w,0.28125086426734924,1
DtYACSW-QHA,0.25839632749557495,1
mpedtsJBHgw,0.35015609860420227,1
FmRdmBKmJd4,0.279491126537323,1
jUpknoy-DKc,0.23414547741413116,1
6ujHuYFkaHY,0.2340177744626999,1
EMOz-wmMG-4,0.30299150943756104,1
MnGCjmcUp6c,0.23061001300811768,1
75QGZqOZxfg,0.26306018233299255,1
EO4FPY0TtXw,0.24386021494865417,1
fsWXfXrLG6w,0.2788988947868347,1
fDANmSPL4Js,0.3376026451587677,1
2Juw9LKRMNo,0.25380179286003113,1
r1ExfbrDaXk,0.304528146982193,1
_z8RDEOeSl4,0.28029245138168335,1
-z45Vd9slWw,0.27362728118896484,1
gMwFf1euJ0E,0.2776365876197815,1
6IL555Cfvug,0.2934335172176361,1
x4fF7lMFdiQ,0.3419881761074066,1
X-88Rn8JRHs,0.23168879747390747,1
eiKNcRAyAEE,0.3346158564090729,1
DJxP_R_6d4E,0.15447019040584564,1
UYFXDUGsZmk,0.2627902626991272,1
lWE0fXAVFXM,0.20264464616775513,1
ssu3MJkD5tk,0.1979658305644989,1
2_nA-sz7pyk,0.2726706862449646,1
HMbDPgINfto,0.20049744844436646,1
tJyXy7qQvGw,0.21340923011302948,1
bIiG-Y-BCNU,0.235535129904747,1
oBtOZlaBNEc,0.2972307503223419,1
3Xl9OVjFK6c,0.2295188158750534,1
Al3WyMnwTpE,0.21087723970413208,1
pwZhv4YYFg0,0.25055837631225586,1
xSQ8cZE27-Y,0.32372114062309265,1
H9OiyUQiJpw,0.35495200753211975,1
ZdzvGvPurRo,0.19188754260540009,1
GphDte8cJJ0,0.19783131778240204,1
I2hCNwZ7Jbw,0.3144887089729309,1
bBj8H3EnTAM,0.28054332733154297,1
RvJP7JbMW9I,0.3290649652481079,1
31pKxRdgAgQ,0.34831640124320984,1
okqEpX07e3g,0.2889391779899597,1
hc42BgAB9Jg,0.37801581621170044,1
bJ5PTkdH-20,0.31058743596076965,1
4CF3uZV0RJU,0.35685017704963684,1
zghRo5NMvZE,0.333746999502182,1
gt_jiSsQQno,0.3368400037288666,1
Pv0iVoSZzN8,0.24717304110527039,1
2_nCluvm-9A,0.38504788279533386,1
h8poH5sn1eQ,0.39618998765945435,1
y4zpJOW8OSI,0.2290567010641098,1
0k1SPmGrFoU,0.2345772534608841,1
QJppvse1ZVU,0.3232288062572479,1
lp_26Ec4I1I,0.28857851028442383,1
6bj6DHKGtTE,0.3676604628562927,1
eC0dUSDgUgk,0.3178821802139282,1
Bf6iV3Wtl4I,0.3160378336906433,1
l4QAMRJPBI0,0.33544784784317017,1
7JZCmVjBAEg,0.21221724152565002,1
hQdgdvC4_2s,0.22419248521327972,1
EtSLD5jtZKA,0.29317036271095276,1
HiUjyvW5gX4,0.31313011050224304,1
qL3dj-KRAys,0.3045843541622162,1
sDpdv-SRlaE,0.2992016077041626,1
23svmUzGXI4,0.3185851275920868,1
NniHBZVshyY,0.2576908767223358,1
Q5-SbEYDO34,0.29947730898857117,1
iNsWjYpXOzw,0.2700541913509369,1
XNiVcuJoBgQ,0.2907154858112335,1
RXsnOeKRMWA,0.33936581015586853,1
T5CiiQaWUag,0.2652212977409363,1
MVy5RKojkeg,0.28837430477142334,1
O9uthfOIejE,0.3670734763145447,1
odMRrTkobOQ,0.264565110206604,1
aRUinTY9odw,0.37164247035980225,1
MLziFdIHp2U,0.3620726764202118,1
dTnzxIJMWu4,0.32659417390823364,1
ysAcIS4eiZo,0.3543804883956909,1
clLom3M4hnQ,0.2647413909435272,1
V8aSo2sQ13E,0.3076470196247101,1
3awRSNFHV1s,0.338485449552536,1
8vXabW4z3yY,0.28651779890060425,1
JCAzRtrM4dE,0.22135300934314728,1
4988AkcIooE,0.25596287846565247,1
i96Tc2HjSXU,0.32741352915763855,1
ErXhQGf4ijU,0.3640696108341217,1
J-x4ia69YEQ,0.2854052782058716,1
L_q-2Ov2Gnw,0.3043660819530487,1
Tw8fBZt66P0,0.32965898513793945,1
YaY5V9TCO0A,0.26628217101097107,1
ut-1yFa6WYo,0.2959057092666626,1
Fonk0QN6JSw,0.3170875608921051,1
hivKxdUky0I,0.3228636682033539,1
2jb1CBqFE1A,0.38124626874923706,1
PxY5bAB9-gk,0.30776625871658325,1
qQ6YsKRX6cE,0.3451072871685028,1
L85TZYbbqJE,0.31193339824676514,1
MY46FJ-6OIU,0.33514443039894104,1
VAU3omfnemA,0.3114674389362335,1
K-vFXJfCes8,0.3430306911468506,1
gS8vaaq99sU,0.26590612530708313,1
uBg_ssHE05M,0.3579545021057129,1
Va82x6Rl0UE,0.33852148056030273,1
5iGwuh0MoRc,0.3392386734485626,1
7imL79i3xGg,0.38312622904777527,1
xlPQvVJf6tM,0.28799867630004883,1
I9FmEwJocRw,0.3193405568599701,1
ucYapk8sf-o,0.30419448018074036,1
dsx_-cG4QAo,0.2919379770755768,1
Evy4iMkIBek,0.3298857808113098,1
7tiWinlNTvU,0.2859921157360077,1
JajSdaNFfic,0.30217888951301575,1
qMpUX0q64J4,0.2870903015136719,1
Lt_AZDkzbxc,0.32917726039886475,1
cEW9FN8ku3k,0.26823827624320984,1
HQigNm2tPNU,0.25889521837234497,1
4N_ZVPVLlc0,0.2802194356918335,1
o7qPt6O_CXM,0.3049914538860321,1
yhEovTipDDI,0.2998462915420532,1
AHUA01NAlVQ,0.2859518826007843,1
nhFkzrA05-w,0.2880234718322754,1
CLuxJFKTn28,0.30279341340065,1
d2vPntIrut8,0.2694450914859772,1
0MsORGZfeK0,0.24555537104606628,1
lQ9PhJWeBGs,0.31138885021209717,1
oVQ3YyvtNOA,0.26566749811172485,1
_mvPu1URo0A,0.28547918796539307,1
OTO52ioghfA,0.2145458459854126,1
lrh_p4Xfbpk,0.2926875352859497,1
ZmcaOfjLauI,0.24109318852424622,1
pTKWuGTkISc,0.26355379819869995,1
7PCgHh4tCow,0.2722375988960266,1
BVR97GfGVCc,0.2821924090385437,1
AVgcrgEgG5U,0.2730531692504883,1
3ujQVQxpYKA,0.25262969732284546,1
eYASKzbw-9A,0.23702959716320038,1
xH00dGYaxZk,0.32690444588661194,1
ZY6MjMNdCTw,0.3045021891593933,1
SMWvTzie_DA,0.3055565357208252,1
BRu17osgEoo,0.25276443362236023,1
tYeuSU2m4DQ,0.2407873570919037,1
2rtHT0jlT2M,0.30117812752723694,1
ZNIECWN-_gE,0.2813623547554016,1
PYpkOI2W_kE,0.2685959041118622,1
PKtNvlRDq6U,0.25453126430511475,1
X70IFsHWclU,0.2868398427963257,1
aBg_TatKt5g,0.23589037358760834,1
0GTiwWHYMlQ,0.25780192017555237,1
yL7rpPPXTSI,0.2639876902103424,1
Jeb0d18y08M,0.28810742497444153,1
By336LXE41g,0.22365623712539673,1
SYdXwo-Oq0E,0.2845657765865326,1
wvDgf34smJA,0.25059929490089417,1
ctn_4QKc6g0,0.27700167894363403,1
QPC2hMWY7BA,0.21008789539337158,1
omVMxK9wN_I,0.2500218152999878,1
gmlxelUTGfo,0.2126525640487671,1
o6DDXrPZqi8,0.2486627697944641,1
5teThcYJ7w4,0.22699561715126038,1
TMB7TC4kyNk,0.18101251125335693,1
Wy2z77VxUY0,0.17770323157310486,1
Bf6I34Mzpio,0.2133575677871704,1
8KzqSSwQ2cw,0.23994238674640656,1
pT30yCDx760,0.18114449083805084,1
TR85vVWguxs,0.2637719511985779,1
Ba6-6KmB3CQ,0.3034323751926422,1
FmKpjhi6ZYQ,0.2847181558609009,1
RgOA37xgYcc,0.27966007590293884,1
JMAnkCd3PAY,0.3039811849594116,1
WLuRkeo_9vM,0.3270295262336731,1
DCDfvNPbAeg,0.2990477681159973,1
yZirLwxPK-I,0.3298466205596924,1
bbla8uN33R0,0.3163626194000244,1
iKz0atbJ86o,0.31166744232177734,1
Vvbh6vlkIa0,0.33957841992378235,1
UwQtaXpeqS8,0.30220165848731995,1
olN3WXK9iaA,0.3102579116821289,1
sT9n7awOQPw,0.2921539545059204,1
j8kpcFHY_VU,0.2893369793891907,1
EraHxd4612o,0.20876885950565338,1
SETOIlJhIWk,0.2698913514614105,1
7JRQ4l7eXVw,0.2924611568450928,1
F26ZYA4_CwU,0.20756977796554565,1
VtiviDjIOVM,0.22344465553760529,1
pf9agV_I0m4,0.2131451517343521,1
O_DWucZwtfA,0.23905958235263824,1
iHKLCzLYt-Q,0.29511573910713196,1
ItoSYiCOzFg,0.25936731696128845,1
gGwd5mBTruU,0.26962941884994507,1
VquZwveRmrY,0.24950817227363586,1
JXV8EzW0pwU,0.2873891294002533,1
7H86fq4ZEPw,0.281381219625473,1
w6JNfm1ALw4,0.25550323724746704,1
sSuLkeK0Cv0,0.2520953118801117,1
PviCek989QE,0.28467848896980286,1
to2wIB4KJTs,0.28094273805618286,1
io-lw-yDKzY,0.2860034704208374,1
k9VKLB_if0Q,0.31090638041496277,1
6lzd_lA5Pp8,0.2676082253456116,1
aJ7XoeB8TME,0.2837207019329071,1
ciVSCgt2QEg,0.24468187987804413,1
bjLHKWdzbtI,0.33330318331718445,1
0Kyym9Yu5w0,0.23753409087657928,1
8WgmjTwqtKY,0.27666160464286804,1
T1hea-cf7B4,0.34921371936798096,1
Jm9PbZO8xXQ,0.28855565190315247,1
Juu9vc2oqHM,0.30981922149658203,1
2l6wYBV94Gw,0.27534908056259155,1
rKNoyR36i34,0.29845088720321655,1
YUfaIIh3pRM,0.30397459864616394,1
g5sdPcModvQ,0.2843095362186432,1
DEYS90OC1FA,0.27608388662338257,1
zyTqElwSG5w,0.35818198323249817,1
ppr6cZI64DY,0.32603707909584045,1
hIv5AC_8zak,0.2572735846042633,1
_ekg01ZNRIg,0.2546878457069397,1
FXp4hETJkvY,0.2749801278114319,1
7EP6EpFyIJY,0.3532969057559967,1
pBd14qS4Ims,0.3535449504852295,1
AqLMQY2nKpI,0.28563791513442993,1
I2A1tz9ftz4,0.34111812710762024,1
dMjK6BbLmqE,0.325671523809433,1
zTgyKfzXa8U,0.2620511054992676,1
T0nydcH2B9Y,0.24676664173603058,1
a6cXhflwfW0,0.30375367403030396,1
mw_QXmsCN8I,0.31757110357284546,1
I_3dlerKYDE,0.2789425253868103,1
M_3STI_4bKM,0.29255518317222595,1
OcJM2UmgF5o,0.26297539472579956,1
9uoGxne4W54,0.2820143699645996,1
MyPeH4mo9mw,0.3461214601993561,1
-OHejAhnDwA,0.3252735733985901,1
2PbNHVe5FYo,0.26993435621261597,1
7M3SgJhNlyo,0.33500415086746216,1
lDjR8yD3Obs,0.2685256898403168,1
1jj8tny5qVk,0.2194589078426361,1
rvl6qhBGHAY,0.24479106068611145,1
c7UtiZEiYKg,0.3071274161338806,1
iEy1L0d3F4c,0.2945297956466675,1
nzBcpzsxjQM,0.333748459815979,1
vDgrnx_nkhI,0.2623026371002197,1
zeyQOw7mIhc,0.2599962651729584,1
LOfDW_96yV0,0.24429257214069366,1
KajQuUrDTj8,0.24749578535556793,1
iGQjn_cDBdA,0.27390068769454956,1
8wld_fYnqZc,0.24218401312828064,1
riJTgStqyw0,0.2668265104293823,1
kwuIWZ9wRmw,0.2990460991859436,1
AsFQ3Oe3hYQ,0.21618995070457458,1
dW8J7_l8INY,0.3007090985774994,1
sUOziK6nCBA,0.26444682478904724,1
WEPK_mubM5w,0.28108981251716614,1
fleUyiUmedQ,0.3037225008010864,1
Gm5RSJ3WG7I,0.2646626830101013,1
XQmcH1yTbrA,0.30637499690055847,1
Sf5yOKjxggA,0.19483177363872528,1
uGBjK8Cu8H4,0.2889024615287781,1
6JxkR5zYgSU,0.3163032531738281,1
WHjITn_bFuM,0.1947460025548935,1
G6K1krqHoHk,0.21485653519630432,1
2nmcEH8UApk,0.21553479135036469,1
02neZSqtBfU,0.3027527928352356,1
53q2qMvJjxQ,0.2607567608356476,1
mOK8otJIo9k,0.25615501403808594,1
WPQQ49r_pm4,0.35442423820495605,1
Q-uTVBm5MNc,0.21879294514656067,1
BVOb8SDQhG8,0.2530733048915863,1
lHriHbKaS0A,0.22230593860149384,1
W-7TaAGww5g,0.27531614899635315,1
EYpo1TSCMhI,0.3020646274089813,1
cDMn8Liz7OM,0.21246036887168884,1
ukSzjIbZDSo,0.28357169032096863,1
LPi1OxQUTHc,0.2686663269996643,1
odzwAhiXxmE,0.2310756891965866,1
bOMn4tNS60w,0.2644742727279663,1
1V1ZvMTFDvs,0.3105323910713196,1
bJDp_ZVQcRo,0.287537157535553,1
FyJcI4UkAzs,0.2460828423500061,1
_Oc-eGRhcb4,0.2418922334909439,1
iSb_fyChqLE,0.2696186900138855,1
88KPADTPPAo,0.2495921105146408,1
nLR3prTKSGE,0.2909623980522156,1
dainpKoDlAE,0.2851427495479584,1
KItFw-9zqQQ,0.27080655097961426,1
fcgWYglHQZw,0.2889697551727295,1
6P4jcvfqTto,0.2793724536895752,1
TfEiBfYXV_U,0.3588622212409973,1
EPUa9a6cuU4,0.31217890977859497,1
fPuNpS9fPDo,0.291668564081192,1
87acdtXVXv4,0.3291579782962799,1
aF3ufeW7zXM,0.2868271470069885,1
8ItvSeKbPUo,0.31329163908958435,1
pH-TgdOqB9E,0.2878227233886719,1
kmAWR8an6Fk,0.2853470742702484,1
UuAhXrHAfZg,0.32237255573272705,1
ayKcck441n8,0.29386332631111145,1
eZ_u6fIPzb4,0.29812777042388916,1
hfCTA7K22is,0.282508909702301,1
unQWa4i14rg,0.28348585963249207,1
8RmzZgU-cyw,0.2996659278869629,1
CAI02Pr3Iyg,0.3346902132034302,1
5-Gb15B9uEY,0.26582756638526917,1
cb0lFDYYd2U,0.363654226064682,1
BGKRDmmH1WM,0.3175715506076813,1
3wKm3087UHs,0.2817384898662567,1
_YPdLDYqQJ4,0.24270661175251007,1
JfYEmhHkCZQ,0.26491132378578186,1
UdSh3OhXetE,0.2608972489833832,1
QSW2uW9eFn4,0.30846989154815674,1
39jpghte1rw,0.316739559173584,1
ziJtUt85C2I,0.2220950871706009,1
2Cejd94HqPY,0.339277446269989,1
G-Gv94bQaS0,0.3304920792579651,1
sGxw7ipTrq8,0.2200181782245636,1
iwFuKsHAnK0,0.2755453884601593,1
WhrekQumlKY,0.3042761981487274,1
VTH0XgZ6pto,0.26823505759239197,1
RxhDx1gpoeo,0.3139421045780182,1
3zrLm_N2tnU,0.2899682819843292,1
LtOya4_iND0,0.2733847498893738,1
U5oS6yi2g-w,0.2528396546840668,1
UsKGD8dQBYw,0.32121747732162476,1
LtC4I9tKVMs,0.23588359355926514,1
6ByB00sweDk,0.29235199093818665,1
04OAZ-NBXkk,0.293834388256073,1
R-B7QleMbiY,0.31377965211868286,1
2dnEJXQYYJw,0.32217857241630554,1
ir3oHaaX5lY,0.3336202800273895,1
9AH-yS5En6U,0.28479260206222534,1
g1Elknq92tc,0.3161211311817169,1
f5o7_wPmuiE,0.27354544401168823,1
jXI8hC134KA,0.23685680329799652,1
G0cF0fZgkDo,0.27851754426956177,1
fiCxNpM6mRk,0.27352097630500793,1
Dpc4-UBCUP4,0.2701411843299866,1
7N70RcxxKsk,0.27479395270347595,1
oN0iK-cClQI,0.3077004849910736,1
Tb6dciVa1T0,0.2974882125854492,1
q5r-PPu1GzU,0.2860178053379059,1
oODreucZqmM,0.3070470690727234,1
tn79OFbPwKE,0.2941742539405823,1
roUuy1xjits,0.2821943759918213,1
eXRrwA-Szwg,0.2854025065898895,1
bABseBbIiFk,0.3029358685016632,1
KvIl8mjMTsE,0.29253706336021423,1
4Iui1yDgusI,0.2677595317363739,1
n5Op1CIdg4Y,0.28732144832611084,1
YL4neojI7Ic,0.30633455514907837,1
mKdjycj-7eE,0.3456403315067291,1
TQHEJj68Jew,0.2677536606788635,1
dXmWjV1eAXQ,0.29842785000801086,1
zySUlGXbXvA,0.30495643615722656,1
P8gXGWH49ao,0.262993186712265,1
6iKJZqDSPGc,0.29152601957321167,1
LnVfvz_CJ1o,0.28318971395492554,1
XxMmWxwt14M,0.27665066719055176,1
OpOvMwkGL18,0.2559339702129364,1
4PaqJhHM9-s,0.3146893382072449,1
25N0R1KnXVs,0.2889759838581085,1
t9GPp1DM6fI,0.2798972725868225,1
CSvPE21Seu4,0.32326164841651917,1
HsLg6lCCaLg,0.25164690613746643,1
SKQTtsGOT7M,0.25154566764831543,1
BSzEGDBPMP4,0.3214465081691742,1
W2U04onq8nM,0.2928737998008728,1
bqh-xl0LizI,0.3376532793045044,1
ofk19swh308,0.3621788024902344,1
oldqHR9a0m8,0.3221961259841919,1
OA70XIR6_iA,0.3291705250740051,1
29CQXaRTgWI,0.32471710443496704,1
olVaEmdkZ8Y,0.3619793653488159,1
rOBW4YgXI_s,0.2826077938079834,1
8eS8sdVcBRc,0.27513375878334045,1
S6YpCE3UKIw,0.33443960547447205,1
Poy2yxHPWa4,0.3505452871322632,1
9z-RJ6kfSU0,0.30991628766059875,1
ES0QlfPUSto,0.2913903594017029,1
RBD7PFRNbI4,0.30256155133247375,1
1T7qhD-xXTc,0.29868581891059875,1
y8p4ouCwoD0,0.2527829110622406,1
0y0DmVgmqDk,0.2664565443992615,1
4U_iO57xJUE,0.2872559428215027,1
k7RK2eSFYxs,0.28128015995025635,1
xcukC48nKv8,0.28796035051345825,1
i3LjOamW9Ow,0.23374773561954498,1
sIPP_MzDTJ0,0.317680299282074,1
D0OV3sHxCG0,0.25556784868240356,1
jH39rXAhGJE,0.3172709047794342,1
akVu63nu00o,0.2932763993740082,1
tHDkvYdRXiI,0.2847466766834259,1
XPyIV8gqSJk,0.2574644088745117,1
LBzR-Wb5wR4,0.29735836386680603,1
yH7fyriQYvk,0.2623944878578186,1
kX7iSbnwYfE,0.2547847330570221,1
561BRxPJetA,0.26332175731658936,1
1I6HmFqzH00,0.2225164920091629,1
T7B4gDpqGxw,0.35263651609420776,1
1XDiceNg6lI,0.3244916796684265,1
n1bvzFEZ3fo,0.3498989939689636,1
MXxqSySSQ28,0.29361391067504883,1
IM-X5XCg1Yk,0.3418693542480469,1
xnY7rdNUNZA,0.32848304510116577,1
xgmiY13DC5E,0.3032304644584656,1
dbX-Bby7xW8,0.276215523481369,1
YLSnD7BWmhE,0.19868440926074982,1
TEKNcxnHuA8,0.2744929790496826,1
yznsqlv1VzA,0.2864992618560791,1
hXUQEryyeXc,0.23294231295585632,1
e_6y9D7bABc,0.3060429096221924,1
rN72YawVVCY,0.3354455530643463,1
C7T9l67T5AM,0.3160010278224945,1
P8okz_7vDg0,0.3561016321182251,1
HFa8Cc243zE,0.3019571602344513,1
NpdZjIAxuj0,0.31047528982162476,1
gAy4GA-fjMU,0.2881249189376831,1
2Zynpi4ca28,0.3100665807723999,1
6BlcZ3u03h4,0.29477232694625854,1
_TUgfQQSPtM,0.3354082703590393,1
EantKtuyVRM,0.3590812385082245,1
OgxyySvmYtQ,0.3159891366958618,1
KodcXebVNic,0.3762027621269226,1
zO5FutVc1dA,0.33872538805007935,1
h4aHgKxnrNM,0.3565240204334259,1
Ub6kFCsTvL8,0.32692092657089233,1
HV9z9w6CxvM,0.2997591197490692,1
l9g-S0gMQT0,0.282553106546402,1
5ZVj4rGCRV4,0.2556958794593811,1
jaVam_vwFVU,0.3430454134941101,1
rRdPGfX7DQM,0.3236536979675293,1
SctTrHZ0X0g,0.2833370268344879,1
XiJgmOglOsY,0.3267807364463806,1
X4BM8eRNNdY,0.3083670735359192,1
yC6duKkhPAY,0.3014284074306488,1
oio9PFU-KDI,0.2402186393737793,1
ayf-Zc0c9wU,0.3728325366973877,1
0mvCw-kAv98,0.33161816000938416,1
rRc1AmRvafE,0.3267292082309723,1
QWuXUVlmTO8,0.3801383972167969,1
STtLRNGMa10,0.33305028080940247,1
705gE03_EUk,0.32224082946777344,1
3rik2AbRYtc,0.32113564014434814,1
AZ71NT3l2ec,0.35950952768325806,1
jGA-o6dn9gk,0.34880876541137695,1
bSJTZmmCWQc,0.36660388112068176,1
i9zIN8YqBvc,0.32232919335365295,1
Xt5CgwkOT38,0.3179652690887451,1
ZIx2mck0jcU,0.3603824973106384,1
IBlJ_0dMypM,0.3335039019584656,1
JlaYy7uN-aI,0.34508225321769714,1
MvOoRbwC5io,0.3205784261226654,1
_3OKNtUtmuw,0.30375856161117554,1
vfC4M1IBGok,0.35313981771469116,1
GLErBKAQlU8,0.36966434121131897,1
wci_QGi6ZHI,0.3765855133533478,1
4Z-90dBlxM0,0.3825890123844147,1
gFPN7l8XTJQ,0.3274327218532562,1
I0-gTSPfEqc,0.3148973882198334,1
PES1R3KT7TY,0.2986668050289154,1
tRIfyjgntSA,0.3502914309501648,1
y1dL0KgKMPo,0.3495955169200897,1
sJNe8xkV7eA,0.37112337350845337,1
RSyf7l9WU0I,0.33367347717285156,1
ghCwGHDhD_o,0.33807194232940674,1
hy8tSHLRGt8,0.35407981276512146,1
40v4Qc-ELx4,0.32784560322761536,1
1c-0LNS11Lk,0.32903435826301575,1
v-Two4Z-u5s,0.3536127805709839,1
KA8WjgM5Gp4,0.3696674704551697,1
xovCsye3VJs,0.3303602933883667,1
dlotjOnJ1mo,0.339694082736969,1
NXe_oV5f5DQ,0.33703216910362244,1
TmCLkPRSKws,0.32859569787979126,1
cUX3wQym7mQ,0.3113107979297638,1
40HD4g2PSy0,0.3541386127471924,1
7NzPMgM3V8M,0.3905728757381439,1
Y4uTw3NUxYE,0.37615251541137695,1
Knpq7aGFlhI,0.30013149976730347,1
jIvgzOejsT8,0.35840755701065063,1
OZWROTl1apQ,0.3789811432361603,1
hsuB3wkSQAA,0.27605992555618286,1
41X-FsUJ82I,0.335389107465744,1
7Dfm_dEcaCA,0.33520931005477905,1
hxAt3Njp80k,0.31049150228500366,1
fYLGb7R0lQg,0.37665414810180664,1
5kuOMqm87Vw,0.3327219486236572,1
jV4UBKqxnH0,0.3339419662952423,1
fjCuo7J8GJo,0.36344802379608154,1
gvGuAFYCk0s,0.3319352865219116,1
vgnMn5VM0YY,0.3345171809196472,1
8dIUX3H1zVA,0.34860140085220337,1
YRNiaxSDUzI,0.33087265491485596,1
jCtJpzIKre8,0.36404067277908325,1
4wpyqd-9EKk,0.3310825526714325,1
BLgtUKaznTs,0.35116344690322876,1
2Ci82u5RTCI,0.3608790338039398,1
3rRbJAVW0IA,0.32654866576194763,1
RO6xdATAux0,0.3181616961956024,1
kyBD1Y8AbS8,0.283298134803772,1
znq_KaV1fdg,0.3284946084022522,1
5dZcMzfGVpM,0.33389878273010254,1
o6tKtZbtMBI,0.2527688145637512,1
POXPylU2WkA,0.2846238613128662,1
9x_h9DiA5vY,0.2624790668487549,1
QDHU6_6WCPA,0.24488016963005066,1
Mzoo3FY5H9c,0.25023362040519714,1
KjwOYQwUzGQ,0.28420737385749817,1
WgJufB10xu0,0.25356829166412354,1
blSBrCU9bkY,0.2398289442062378,1
peX2_vLCsV4,0.31689906120300293,1
JlHt9pEJvGw,0.28444361686706543,1
YQ5j43wKGZY,0.29283350706100464,1
-xgS3i3N2qU,0.30269646644592285,1
m7WpmpenK6s,0.3404540717601776,1
MG2eU0kMX64,0.3166984021663666,1
BBEFdClXkoA,0.35282984375953674,1
dpFHkvB9euc,0.2564907670021057,1
6HwYbSAqEn8,0.3699808716773987,1
uaUj_uSSSaM,0.3526148498058319,1
a9mvxtKgP4s,0.32465916872024536,1
hphlFlAfM6I,0.324025958776474,1
AiJeLPzfu4M,0.31211617588996887,1
UGAevXcg_WQ,0.3065992593765259,1
iyzEB1D7F4g,0.34369635581970215,1
setVhhcYEbU,0.30417361855506897,1
m1uaK-4vg6E,0.2979722321033478,1
mKgPGOa4CUQ,0.34109029173851013,1
uUt978D_4Vg,0.2694779634475708,1
ZecxFFqj6Dk,0.31944143772125244,1
t_4jM5vod2A,0.25188010931015015,1
-RYyTgWNlIw,0.3140750229358673,1
OClHVaZnx0c,0.29099103808403015,1
_ShVkz3kYUI,0.31937891244888306,1
_W5Jd-YtMjE,0.2870153784751892,1
-y0nld4Yv40,0.34148162603378296,1
0oZM27yfnjM,0.3220323622226715,1
1XbDoj1aOrM,0.28465956449508667,1
1cL9CRS5n28,0.2907474935054779,1
1wj3Ba6-dzg,0.31022173166275024,1
1zKz9s9D7dU,0.2611923813819885,1
2DAnEEduSkY,0.28211551904678345,1
2jRQG3l9I_I,0.3541651964187622,1
3PjFBowJV6E,0.2768866717815399,1
3g_uG81OjNQ,0.25363481044769287,1
4Ysfya6XYjk,0.27496764063835144,1
5G3CbYVzw6M,0.3132975697517395,1
5ZO5_CfTMoc,0.2741941809654236,1
5ZX_eypUHns,0.299796462059021,1
5atRcJCTD5s,0.2550346255302429,1
7NBGJu5BKcY,0.3018483817577362,1
7Y0MFQNQYsY,0.21935531497001648,1
7dbZUuSqJDs,0.26999709010124207,1
7jZ7-kFWAQY,0.2807881236076355,1
08jhf7tSmmQ,0.2660380005836487,1
9PNpRQYMhas,0.296329140663147,1
36hOAcUWEiM,0.38794782757759094,1
76qnNkZ6-bA,0.31099748611450195,1
92bGRcDLs38,0.2922411561012268,1
489M-IfTT4M,0.30235230922698975,1
945lkzMIZWU,0.3561978340148926,1
AfOfPUyY5mA,0.25453221797943115,1
AmFHamyaCHY,0.32555559277534485,1
at9qQUJj-Po,0.28894126415252686,1
B5TcZ_EN4AY,0.26322370767593384,1
BAbPkzVRwv4,0.33637624979019165,1
b9eqDjjiB78,0.2779991328716278,1
bympMYTNS1s,0.32980114221572876,1
cCt9fbYrMgI,0.2841009497642517,1
cfKi70A-6iY,0.345806747674942,1
cmLCl67cM7U,0.3035944700241089,1
DbEnEom2lS4,0.30600178241729736,1
djk9pncv5PE,0.2855316996574402,1
ED5ZQr7oA2w,0.273262619972229,1
Elf049m0V7k,0.26045024394989014,1
ExlQrDusHoA,0.27651238441467285,1
ePzkMP3tFZ4,0.28709322214126587,1
exPWhTeIr-4,0.25584763288497925,1
F1FWlTnv1as,0.32768747210502625,1
fSTwONwagXY,0.3183740973472595,1
GCPFFF1aGD0,0.30623865127563477,1
GOl90WKhbJ0,0.2832617461681366,1
gRCYUmEuL1E,0.28950339555740356,1
gyE7IphL90E,0.28441333770751953,1
h-KlE2jXGn0,0.30456095933914185,1
hDv_RnTSn2Q,0.30660316348075867,1
IWEceQZjdeY,0.2780750095844269,1
IejJgRxE50o,0.30288541316986084,1
IvARDGELg8U,0.3103765845298767,1
J0oOfPQVe9A,0.2531386613845825,1
jDR46dlyEBU,0.2452770173549652,1
jb0Ll_DcwXQ,0.2845954895019531,1
KAw1hv2528A,0.3125399053096771,1
KDP74u_-mgw,0.3146490752696991,1
KTwZIUDCj0s,0.2732366621494293,1
Kg40XWMH6HE,0.3202151358127594,1
k7dfgOh3AE4,0.300689697265625,1
ky1xYImBNnw,0.27640500664711,1
LtwYj60tbBo,0.3822472095489502,1
l-Dq0q1lvJs,0.260956346988678,1
lml3IusuCGY,0.3421778380870819,1
M3XPcfF5drM,0.239894300699234,1
MZEIGoEfQO0,0.2884385585784912,1
mQe0SkiJg5U,0.2549646198749542,1
mzy0seVwG4Q,0.29302334785461426,1
N80RbQiILS8,0.3074897825717926,1
NuZzanfgZZg,0.32388588786125183,1
nA_4LsXeunI,0.26693862676620483,1
nWUGgh21Y6U,0.2843054533004761,1
nuNI7tr0YZE,0.28177306056022644,1
nylMy-vC49E,0.3365258574485779,1
oC2o2-Nteyw,0.2535489499568939,1
oJrNJhsQrFc,0.2626495659351349,1
obVg0R4J4NU,0.2949157953262329,1
omEdhW-n0qc,0.31588420271873474,1
PUaYr-mrXfo,0.31913551688194275,1
PXThMrVZo50,0.282527893781662,1
PwASYy9EGWQ,0.2772141993045807,1
pMkVNcZOQ8I,0.2635250687599182,1
pazy2kJBSU4,0.27696889638900757,1
QJQ-m3JsLZw,0.2520790994167328,1
QNUO3gi4-80,0.30344194173812866,1
QWczX290t-Y,0.23733820021152496,1
Q_9IocXiDQA,0.2527160048484802,1
QaKFIdd5BOA,0.27474382519721985,1
QeemTmz-EEs,0.27868422865867615,1
QoFbDEB3O10,0.3601635694503784,1
qEvi05smvQU,0.3325272500514984,1
qRH23qaidbw,0.2987411916255951,1
qY9UDhRqYyQ,0.2899715304374695,1
r8GGcOTaX0A,0.28486204147338867,1
rI4QRw7z220,0.26748988032341003,1
rdZNx-bFEyM,0.3628840446472168,1
S-urPnZysx0,0.34563010931015015,1
Sl6NVYg_Gyo,0.24369528889656067,1
Smw02vXKClE,0.2970423102378845,1
sAvS0dBgRoE,0.2765324115753174,1
t29uk3lBAig,0.19819414615631104,1
tQlzkpxRskY,0.2470349371433258,1
t_ZCyb69awE,0.2758444547653198,1
tvyiIZb90vg,0.26743248105049133,1
U1bUwDxBu4Y,0.26150795817375183,1
U7d8-kC8-yA,0.27808406949043274,1
UAtycCi4Gu8,0.28436797857284546,1
UDhNBLjzr00,0.33782958984375,1
UTH-B5E46O0,0.2868780493736267,1
UrvsDOmQacA,0.2598271667957306,1
uJ24-lI5gZM,0.36335018277168274,1
uOSJQa6ARbE,0.25687044858932495,1
ux5czE-rEYU,0.30672574043273926,1
VHvRwPO5W5k,0.2919681966304779,1
VbUzlWTMCTE,0.3203085958957672,1
VlDTMIgGbRo,0.2912696599960327,1
vjrXPNfkm5E,0.2551952600479126,1
WJXpPZI-RnM,0.30425047874450684,1
W_CG_FiYeec,0.2755311131477356,1
WsRm8MoFJjc,0.2944687008857727,1
wR6Ot1dmXCI,0.2995070517063141,1
wRH5nL3TqpY,0.2525100111961365,1
XUGEf2MG6j4,0.3404473662376404,1
XV7hjB00k9Y,0.28506556153297424,1
XuNqMOGENZk,0.272549033164978,1
XuuV5Z5SJak,0.28511741757392883,1
xxz01CWHz-c,0.2614152133464813,1
Y3-VtJB2Xec,0.27229759097099304,1
ygtjdGU3Ki0,0.3156917691230774,1
ZWk2E1ppcRo,0.25515633821487427,1
ZkLvE2wsr8M,0.24576464295387268,1
z0BwHBp8CQI,0.2773231267929077,1
YkIN3TyDLFk,0.28042182326316833,1
_7VXXHn-AaY,0.2566550374031067,1
nY0PhNhogYw,0.25662630796432495,1
dUaTLrPXQCE,0.2881441116333008,1
hUmTKH68EVE,0.2998901307582855,1
vgd20co9vp8,0.32133886218070984,1
UmQDj32kuMg,0.29973235726356506,1
NuJ2cgz_oJw,0.288520872592926,1
taaxeeLu9D0,0.3374234437942505,1
N2O9lveUsyg,0.30020469427108765,1
TlxP5R2afX0,0.2639636993408203,1
GpW2cjNOukk,0.3359057903289795,1
0XO2rDF0eAc,0.2634490132331848,1
H4tkcoqQi60,0.2690489888191223,1
al2TSUUNBzM,0.26775333285331726,1
uXbEQNuvfVo,0.3086448609828949,1
kNxPgau9Ib8,0.24012064933776855,1
Q9UDoY9ezVw,0.28184306621551514,1
Z0Tob4eL18w,0.2774469256401062,1
4qVY3qLI-0k,0.2867876887321472,1
DYEAzLrFCoQ,0.2571295499801636,1
UUZ6O73_ydM,0.2740432620048523,1
iKHbaZb7oDI,0.2597180902957916,1
qY4fw81Wzoo,0.29587700963020325,1
EJBsIbPegEk,0.2389354407787323,1
pdtS2KQyRd4,0.2581636607646942,1
ppPE2qKrong,0.27684280276298523,1
IA2LgeFqWjY,0.2916741371154785,1
rQys5X0JqFs,0.27016395330429077,1
kmmNVLiC_nQ,0.3216928243637085,1
HGd81Eft1eA,0.2607432007789612,1
uYXQqhVB7uw,0.2696359157562256,1
miiefPDILZA,0.31365886330604553,1
tiC8P7Kr2Ak,0.2918805181980133,1
n_Ay5c0iz_U,0.2789992094039917,1
0BEAXgoHsrw,0.2665528655052185,1
rk7tNQ4puSA,0.2637595236301422,1
9jJYKp4xtGM,0.2501020133495331,1
3e-Fflqh98M,0.2547857463359833,1
pBEY-9vaTy4,0.31828564405441284,1
gzZ-c_2Cqvo,0.2800704538822174,1
rcsjm_VbIoY,0.35957738757133484,1
hk089Z5C_d4,0.30778104066848755,1
4_Vk_0au4Uk,0.3230271637439728,1
azNbpAnSiAM,0.38118603825569153,1
siI4U3JlURs,0.35142531991004944,1
bS4dxJ50-ZU,0.31624990701675415,1
yzFas2BOQbM,0.2849453389644623,1
KH9o8UYjWuk,0.31942546367645264,1
0gcVq4kCGkY,0.3129943609237671,1
TaHr7mvkpL0,0.34481188654899597,1
EKCZHTlk24w,0.35343044996261597,1
DrBNiZOBhlc,0.3453119099140167,1
AlFYyXWALzg,0.3076403737068176,1
Cbo2yT3LlkE,0.33607596158981323,1
yBJu_IceZVA,0.329571008682251,1
oQSOMZjUyVs,0.34353095293045044,1
Iv21lc2kmJA,0.24244458973407745,1
xyJanu3oB58,0.34137213230133057,1
KtXF96oWZV8,0.3403724730014801,1
UvDNf7rtajE,0.3162807822227478,1
v3cHvZTpCXA,0.3209856152534485,1
BkfC9xJBfa0,0.32468611001968384,1
8vsKelGXfow,0.3170105814933777,1
BC1gY53uanM,0.3579752445220947,1
Mp3Wi98HTUY,0.33832451701164246,1
8PsZ6zUyNYg,0.2785746455192566,1
f87JmMzJ03g,0.3587997853755951,1
SlvlAG9qbm0,0.28692758083343506,1
tNm5xVfsFvQ,0.28713852167129517,1
mmoTwfxok48,0.3062360882759094,1
QP7R1304Juo,0.2928822636604309,1
t2SrzmOJ22U,0.31211167573928833,1
6QBBOF5kkys,0.3449384570121765,1
nJTERjtnWTE,0.35732680559158325,1
p1fukG8boHY,0.3762539327144623,1
AVaXbRxX_0E,0.29514339566230774,1
F8FuLOUlPSg,0.2814539968967438,1
nKmsYNfcp2Y,0.3444202244281769,1
VGNRi_HBZc8,0.33254274725914,1
DbjqcSKC5gw,0.31118449568748474,1
iEuGZcgC5b8,0.38133126497268677,1
BGzoVxPP-20,0.2680915892124176,1
g5rJmWzHUys,0.3393552601337433,1
3mk76DTzj1w,0.3275107145309448,1
JiwBOfzICa4,0.3181179165840149,1
rsEQBT4uy-E,0.2833777666091919,1
X2Y1uV-D_-E,0.3151187598705292,1
BQi71lEUfLA,0.32823464274406433,1
p2Tb4QMGHUI,0.25741878151893616,1
VkdGnjldAHU,0.29514554142951965,1
Jt28AqHB6gI,0.2832429111003876,1
9RLoPKnwwh8,0.3241594731807709,1
Cp2VynCgcTo,0.33957812190055847,1
qcsdJgJLM38,0.2698480784893036,1
SfPEJh3XvxY,0.3054872453212738,1
MGCZNfWjd4I,0.35286399722099304,1
TcP6JQRLdi8,0.31327882409095764,1
FFwcE_kRilo,0.3448389172554016,1
sh3wpWZe29s,0.3433675765991211,1
0Jl9aCB2Y0U,0.34769389033317566,1
lcxaiy74olA,0.33286258578300476,1
1xPgvAgecBY,0.3204294741153717,1
nZ_MzG0IsjM,0.28760814666748047,1
in2jZ4fEdN0,0.27151456475257874,1
6-A4dgrRmUw,0.3368337154388428,1
ViRHUZ4FYpE,0.31124478578567505,1
SqTyVJLlStw,0.3053591251373291,1
IPwlO9vb5ig,0.28851228952407837,1
l_J91LIPD9o,0.3346543312072754,1
Q3fowI6Fk1I,0.3252430856227875,1
3Mvm6-VbrPE,0.25732067227363586,1
eGHk7vjpM1I,0.34835225343704224,1
rjRZPgOuXmc,0.3529869019985199,1
IZKIyq4lugw,0.31332525610923767,1
YR9ucBKrXYw,0.3333866000175476,1
ApeJ13IWORo,0.29860126972198486,1
WN43zQNi9L8,0.34506478905677795,1
xOLdnZ76FRk,0.30190762877464294,1
o4BQjitYvnk,0.36525577306747437,1
N2OfqlNSTNI,0.3336530029773712,1
nSmprWdbPJ0,0.3278932571411133,1
o11m8ddslJY,0.3410853147506714,1
NQVwPAFkfNU,0.2951410114765167,1
QqIO3TGL214,0.31382402777671814,1
DDol_otKkh8,0.31640625,1
rOUFcq27V1A,0.33194872736930847,1
TKT3fKXvt9c,0.3533797264099121,1
8Cn8GloDhVY,0.27223625779151917,1
bVPhfJssD0k,0.3526265621185303,1
9ygZzBUvAqc,0.326388955116272,1
T1fSxZFkg7I,0.3437832295894623,1
ihU2m7c13sM,0.31397032737731934,1
8QxKiYW6Xno,0.26372796297073364,1
OdQ6ff4dbQw,0.26579102873802185,1
gThNmAcknbk,0.27538010478019714,1
S9qUllw14ng,0.2880213260650635,1
AZJxwZRm9u8,0.29439347982406616,1
L_1R40T6gJs,0.3128978908061981,1
LF0bNy2G6MQ,0.287552148103714,1
OVmeI58ioXA,0.35497379302978516,1
DsTQVgBVIoI,0.33537614345550537,1
4tf0SvG-36M,0.3799205720424652,1
wr-hKR6HT8M,0.30263930559158325,1
Aun_RGA_u0k,0.3437526226043701,1
oSEloWv9ZRg,0.32014697790145874,1
TaZkl52N3NE,0.31029629707336426,1
13c37KJqs7w,0.2970583438873291,1
8yRH3ecJRpY,0.3827202618122101,1
QjWrpD-Nqbk,0.32668131589889526,1
0basEI52lJk,0.3413611054420471,1
suxbsswhORA,0.3203887939453125,1
m-IsK2T45pk,0.3725433945655823,1
wDfLOeVkC3I,0.3509964346885681,1
iIAK-mJleqg,0.30494970083236694,1
AOOKmn_aHxA,0.38446611166000366,1
eDdUIP2efmo,0.28247761726379395,1
FQYXAyseutY,0.30889013409614563,1
6p38dCSHAVc,0.337415874004364,1
ohlFsHFs62I,0.2830633819103241,1
UUGqRZgWJoM,0.30388298630714417,1
FUViHbnHkZI,0.29239800572395325,1
BgljHqQpp2Y,0.27558955550193787,1
ZFLDzCLrnm0,0.2799415588378906,1
SC7aUcwj_sM,0.3774735927581787,1
r1xsuPlKis8,0.3120509684085846,1
OP75ThF88QU,0.36369776725769043,1
1mYPypXQy9s,0.39027124643325806,1
xi_8XEsMHdY,0.32293224334716797,1
QFF1xB7r-8w,0.35963451862335205,1
1r9SJNNqmBQ,0.3404432535171509,1
HslCUAYPRA4,0.36715227365493774,1
jyeOXHJjaJc,0.33650273084640503,1
y_sIPi3-wBs,0.37204205989837646,1
E5q_pEKifnA,0.2740912139415741,1
aT9ib0dJnfw,0.34842613339424133,1
YKvxy31_Wvo,0.3424782156944275,1
oi_h9Qwi1ZI,0.3238299489021301,1
SRY_SSaM8v4,0.32332083582878113,1
llnRbPyRdxs,0.2782995104789734,1
bYdg2Iyq8cw,0.268729567527771,1
j8D70ywB9y8,0.33754146099090576,1
A8yr42L4Ep0,0.2810399830341339,1
o8MmnGivYrY,0.2936384975910187,1
PaFMAgfkpyY,0.3117270767688751,1
bCxWfMhLtmQ,0.27747952938079834,1
YIP8p6BBYyc,0.35254019498825073,1
dFI2YX1TnEo,0.3090890049934387,1
CDo9wMTFRX8,0.3635673522949219,1
y3kmk0K2lJs,0.33560216426849365,1
qXxTIRWzgxQ,0.38259387016296387,1
YhiQkKRaw6Y,0.20595577359199524,1
WLhJ7F5SjoU,0.3080245554447174,1
cr8o7SkyMRk,0.26576659083366394,1
B9RM-2ECYIE,0.2942538857460022,1
XUiML3YTEjY,0.33648136258125305,1
lF2fwDctmlU,0.29709193110466003,1
sn12irUO2xo,0.2835312485694885,1
Dn6WWjt21mo,0.33296120166778564,1
DBhCetjhRgI,0.3327065706253052,1
Mbai1WDCOVM,0.3339441418647766,1
zNBeVJnl5Cs,0.3340355455875397,1
zoH6e91-XQY,0.31652992963790894,1
wDcR3EZYb10,0.289128839969635,1
RZzSv56423w,0.2951943576335907,1
13MtqiKfuL0,0.3568677008152008,1
ZocFLJwEDkk,0.2669188678264618,1
0BtWtOIwT9w,0.28279054164886475,1
k1QgaJIEoGg,0.30195486545562744,1
Cf4epR-Vm24,0.33148521184921265,1
IypJ-XPa41U,0.283719927072525,1
DNJaLQXPSkE,0.31258779764175415,1
DnmG_2-zxps,0.3175862431526184,1
t9WEGvzwqBM,0.31858932971954346,1
FLNluKfk0C4,0.3419155478477478,1
kjZcgdKhbZI,0.3856115937232971,1
4JNn6iVpoIs,0.19674256443977356,1
7D7QFtpb-mg,0.2999851703643799,1
RXp5W6qedIQ,0.3609745502471924,1
WZ68csFtawo,0.28655490279197693,1
S2LBRXCECis,0.2733185887336731,1
8UcuZw2iIKE,0.2679178714752197,1
Q4MoOAtQWkI,0.28636831045150757,1
JpAXR2iUonA,0.37555578351020813,1
NOFHb7p5oOk,0.28925764560699463,1
4QExmoLeqmY,0.3405032157897949,1
oRzDZnSmkGw,0.27595779299736023,1
lCYG1bTGlOQ,0.30846723914146423,1
K92VTro7vNs,0.3256322145462036,1
An52a50mVXs,0.30422547459602356,1
YOhhLMmjbcA,0.3550302982330322,1
qaKKdgU_PZ0,0.33409395813941956,1
qS7pOZRWwX0,0.2299785315990448,1
PBWFjdvBHuo,0.30243584513664246,1
gkD1WiWh0Ag,0.29753682017326355,1
fM-LDkcEFKY,0.32202988862991333,1
2jSW3swKTL8,0.26714542508125305,1
8QnAerFgSkU,0.2624070346355438,1
TDGDUbjp2Wc,0.38808146119117737,1
VFqY8vAUkCE,0.31521889567375183,1
jIIRwEWO4z0,0.3193541169166565,1
hedHdad5Yuk,0.34824442863464355,1
2J7iUgad4dw,0.30350950360298157,1
PsftgBIY8Qg,0.32392123341560364,1
cEZRl_AB5Ao,0.37832918763160706,1
Lc7IFUodS-E,0.31951722502708435,1
aASmbgiTLi0,0.3127426505088806,1
E2IL6P9Zw0I,0.27705979347229004,1
EzM03DMgtsY,0.294022798538208,1
0subUTIDMj8,0.27271878719329834,1
B-0jXspTqUs,0.3312823176383972,1
AsVSC54VfqI,0.2988013029098511,1
NghOZFkPNUc,0.3242504298686981,1
EuixCyNBQnw,0.3024527132511139,1
R2GnpTRiplc,0.27711984515190125,1
K7FjCmlWvuY,0.296874463558197,1
nGTYZRs0ljw,0.302423894405365,1
bW4VeXchwdQ,0.34329646825790405,1
HJJudcpUWIk,0.29834678769111633,1
KskeGIia2Yg,0.23648859560489655,1
jmumXFfwqYI,0.2972638010978699,1
CskyDVPbN1g,0.2938881516456604,1
3O5BsLAZCnw,0.2420567274093628,1
5r1TQOTumKM,0.2696037292480469,1
mpmicJ8WbGM,0.3541692793369293,1
UcOIzXnOHc8,0.3299524188041687,1
pM42sKp6f8A,0.3138391375541687,1
xY5XUMhQhQw,0.3068601191043854,1
55cmuu-ierY,0.27909475564956665,1
WWqmOdeCD_g,0.30649039149284363,1
LL5pu9GzziA,0.28955718874931335,1
Hv3GzcfaD1k,0.38074925541877747,1
Vr8JW3Fl1gs,0.3462449610233307,1
1G8XubzTTx4,0.3430870473384857,1
LPxHp9AAB6E,0.3436565399169922,1
wA-Xgjcz5jE,0.33193427324295044,1
K-mV_8aeQsk,0.27262216806411743,1
bEbfn3M7-sw,0.3079002797603607,1
8A2iTiX6T7g,0.2887321412563324,1
TklRn4KvR8A,0.3513411283493042,1
-3zqOfMkAc8,0.343192458152771,1
-XoGA4CpXSk,0.3648398518562317,1
-5dI3rhxtX0,0.3209279477596283,1
9Nj1ek-r76Q,0.22542963922023773,1
skVFHFZ-Yjg,0.31995972990989685,1
eIaSxhd-N-Y,0.246845081448555,1
YajbAkhu6hU,0.3312555253505707,1
UgE_4TjLswM,0.29925471544265747,1
hXB-jCstxFY,0.3485487699508667,1
P0gc43KKhhg,0.30228763818740845,1
dQIfO_00LBk,0.29353028535842896,1
IQr45nXSyy4,0.2869088053703308,1
A0LYG3cSF1U,0.2981393337249756,1
bPWahp7Z2yI,0.3411019742488861,1
N2IAv7EWEQw,0.2733776867389679,1
DlJcKi47Dhg,0.335067480802536,1
z5SIGkOMr9U,0.331566721200943,1
4X-OL6Dz8Wk,0.3042495548725128,1
ZayWroC0WdE,0.2702178359031677,1
HkzhNby8-XA,0.29137489199638367,1
I8pYwTAVSJQ,0.36153364181518555,1
FNdExSQcMw0,0.32808294892311096,1
RbZUp_TtE6g,0.31373831629753113,1
oZWMe7xweDY,0.27395567297935486,1
kkOw8F6weFM,0.2938423454761505,1
8hfMPoPTN9Q,0.36705535650253296,1
dGjHfdsv8Ao,0.3031003475189209,1
Ic4dIZ4dYTk,0.3161975145339966,1
pJUAz6WIi5I,0.32254236936569214,1
DLrh3Qt2vDk,0.3430542051792145,1
vxRCEMcN3RI,0.3254885673522949,1
DYjUlaQFgm4,0.32760089635849,1
xK8Od8r01sI,0.3484242558479309,1
PB_GPChAY10,0.3281794786453247,1
9YGNMnmHI-8,0.32706546783447266,1
ejpnVOP4xyk,0.31985974311828613,1
NqjRUZ9VP2k,0.335027277469635,1
4DGqCTf7jFM,0.33510810136795044,1
s5JDOEcyAcw,0.3460475504398346,1
uQRCWNzfscU,0.3231569230556488,1
lXTyaXUf01A,0.30978450179100037,1
NqVET_Xb2d4,0.25312870740890503,1
OrvNF731Iuc,0.3482978940010071,1
5MH-Dx6WAsA,0.3474501371383667,1
KE18F26utDI,0.31736665964126587,1
vSqXw-im2mE,0.3317444622516632,1
8dK9XaYpVNc,0.3018723130226135,1
FBbFhuCfeaI,0.3043093979358673,1
ys_6GHcwYWc,0.3582388758659363,1
AOS5tXjaC1U,0.34118860960006714,1
LY1tGLBZ2AY,0.3202269375324249,1
SXLvuLVEGI4,0.3334451913833618,1
RRuhV-9IoVU,0.2805953621864319,1
Lsf9bgbJS_E,0.27991271018981934,1
MZp3_9S_BVs,0.36963796615600586,1
K0wkZ7acqSI,0.36146506667137146,1
fw2MXtbXDLU,0.34124258160591125,1
2kLrpe0bcwY,0.3104478716850281,1
2jM1lEi8lF4,0.3158232867717743,1
6RD4PxCgwO0,0.3614436984062195,1
Y0oW-DmpXto,0.3327041268348694,1
gEq4vg9pfRs,0.3539246916770935,1
U5HKALbr0tY,0.3089756965637207,1
Ds0WoeUHQew,0.33772093057632446,1
yZJKpieLJ3U,0.29306358098983765,1
S5uo5W21jFs,0.22940993309020996,1
jpRgf5q-9FM,0.34133729338645935,1
jOcptau119Q,0.33402982354164124,1
WyfZ1zOQkwk,0.3582388460636139,1
8UWdmOQKMwE,0.30257442593574524,1
v9JOoK88wEQ,0.30866020917892456,1
0LUxHXJgtMc,0.29066887497901917,1
x0qoIC_qYxM,0.2501533329486847,1
Be8T7Jd4Dpw,0.24133439362049103,1
u7ohdrNYRiM,0.299013614654541,1
6mTlK0C0BNo,0.3088681697845459,1
L49eDwHidOU,0.29520440101623535,1
K-y2SHFaw4Q,0.272473007440567,1
nz4cBVb9wh4,0.2366994321346283,1
Rb_eLv2B5ps,0.3079368472099304,1
fIdC3UIx6Ak,0.2969770133495331,1
85hatY2iiyU,0.28649938106536865,1
_EpnKL2Bamo,0.2869583070278168,1
lY-rdDrJb3c,0.3617694079875946,1
ndKF0a11s6k,0.29244452714920044,1
LvDEyj9qO7M,0.2933855950832367,1
c-8P-OeQkm8,0.3255205750465393,1
hH4pGKB_OU8,0.21527940034866333,1
63XCqCS2DoY,0.24079629778862,1
GIVZNtRADPg,0.3276190459728241,1
nMrN8e0Q8EI,0.347046822309494,1
ItiL7XpnKWE,0.333449125289917,1
ppL4VTbDLa0,0.21856079995632172,1
bGkJvA6WVGc,0.20787209272384644,1
JLAEDN0tpDk,0.23227804899215698,1
sO0sqLxIyDk,0.20114529132843018,1
i18CiJf6ifU,0.2157827615737915,1
ILLvxlGn4Hs,0.21431198716163635,1
2rtPaqkrLPw,0.2373799979686737,1
cskz74MUEc8,0.21503807604312897,1
IOZjkEcNHIE,0.23970559239387512,1
ehsEnYfzREA,0.3327677845954895,1
RPmBoQ1Ciu0,0.3049069344997406,1
jwCWcB9w-Go,0.3170994818210602,1
C0Wj6AnFPJo,0.33942028880119324,1
63gcs9-G8Vw,0.3408428132534027,1
2-Cwbh8kPx4,0.33492058515548706,1
2r3p1wNl5f8,0.21159884333610535,1
2ye08EJSnp8,0.27383145689964294,1
pILTJGibe6U,0.27804791927337646,1
97Kk-c06T9w,0.3249797523021698,1
TYZ21Gqd9kw,0.33198535442352295,1
ChmFvyGxxVY,0.3479505181312561,1
5d3GFk7Stas,0.22438928484916687,1
hHGWuzg5n0k,0.24985864758491516,1
t1FlZC4_g70,0.3107122778892517,1
jlQDHrDTyi4,0.28690192103385925,1
tvoSPqaIiI8,0.32079389691352844,1
XP2uFwNJssQ,0.2950541079044342,1
g8BT9T0yw9E,0.2920621335506439,0
edpRqir29aI,0.2933225631713867,0
Jj56yCjJEck,0.2697031795978546,0
6nZAQglI178,0.24805937707424164,0
LC2nkQTpC-0,0.1812446564435959,0
NkyEOrQiGMQ,0.30971047282218933,0
2OPOGUUkauc,0.2943646311759949,0
uVUon6lfNDw,0.3095289468765259,0
WB3zolACjuI,0.3252015709877014,0
uzXpkreSc74,0.27721548080444336,0
4QTTDmqc_3E,0.35691362619400024,0
spV1PDKf9Rk,0.2405397593975067,0
pSHVbLPWA28,0.347337543964386,0
AXFhTXSLjco,0.24944151937961578,0
5mnQTzhVgl8,0.28158116340637207,0
YFhwEJosUsU,0.34576737880706787,0
AY2jPAb6BOQ,0.25587114691734314,0
L2i8agzydig,0.19364041090011597,0
epWTkSmY3Nw,0.2814847230911255,0
Q9UkP0G77Bk,0.2873482406139374,0
FtDv-L1stdo,0.31692466139793396,0
zCUi8b3Mr70,0.20812049508094788,0
M2idDi4ukA8,0.3351976275444031,0
l6uqpS63yso,0.3743799328804016,0
vZgnGwyOO2s,0.2583792507648468,0
0VMkhHN0V3g,0.2618459463119507,0
tFCJLshbNdE,0.25680071115493774,0
bUYUSXyp3Pg,0.30754315853118896,0
PRRNw5IRufM,0.2703418433666229,0
NsaSG-0U4mU,0.2473899871110916,0
IYSxN5sNQ_M,0.23127585649490356,0
1lTJ9ef7S0c,0.25669968128204346,0
0irkH7mOCAI,0.20855890214443207,0
5t1qzkY6GfY,0.2892918288707733,0
DrHkLv2414o,0.25498929619789124,0
ydAyvvDQrgY,0.21211613714694977,0
p7QS4cz-Avs,0.3689316511154175,0
DGAPEIxTwU4,0.3020879030227661,0
vSidTZlSbzY,0.2886202037334442,0
g0UT4aliEe4,0.19690504670143127,0
n6B5gQXlB-0,0.23284217715263367,0
iFnSP-h5S4c,0.33764487504959106,0
Gvj8VBq0I6Y,0.2825426459312439,0
MQTUznTBpNM,0.21815095841884613,0
ZP8wqrJ0wKU,0.2764001786708832,0
RgxBs4Kn1Q8,0.24053020775318146,0
RBQ-IoHfimQ,0.20085956156253815,0
4bMSJY9ddL8,0.31739962100982666,0
TFkUan5Uujs,0.22845658659934998,0
rtih8OEh7S0,0.2001272588968277,0
hC3Ojbspi94,0.22795133292675018,0
dZyUWLW7kEI,0.3575844168663025,0
EFFVStl_Uac,0.33141276240348816,0
o268qbb_0BM,0.2806757390499115,0
VVAIH60YeYg,0.2579537034034729,0
PHpPtdk9rco,0.2726532816886902,0
5IpmafMQ6AU,0.2876901924610138,0
xjuwkGXXy4Q,0.1942143589258194,0
jDKLd8vGm-k,0.3271653950214386,0
fyO8pvpnTdE,0.33754023909568787,0
OF6Iwma4Pbo,0.2845010459423065,0
i42ZinrWTmU,0.32215943932533264,0
QW7GvgWsQHo,0.29937946796417236,0
cSjagpvEHYc,0.40192246437072754,0
P_A4CpeLgCg,0.24040724337100983,0
rkOySwlEtVk,0.34093382954597473,0
dw8Xl8hoJWQ,0.2853694260120392,0
C0WDFCjztaw,0.2865365743637085,0
llLIXT_vXl8,0.2485341578722,0
fEnwMyHejtQ,0.26729196310043335,0
CbCdoxNxNjQ,0.2902120351791382,0
fuRJqe_rO90,0.36807262897491455,0
8SuskKYqWIc,0.28534647822380066,0
a8T5fc0uj1A,0.21464677155017853,0
PEnjlA0fsTk,0.3094595670700073,0
I74FAkaL1Fk,0.2306293249130249,0
c5vvTiZtP7s,0.31188449263572693,0
UPrkC1LdlLY,0.2489807903766632,0
FLp7zBsNtaY,0.30088046193122864,0
kX3nB4PpJko,0.30468887090682983,0
YpjwHazhknA,0.2395428717136383,0
KVnheXywIbY,0.25969281792640686,0
OkyBBwpHqcs,0.278444766998291,0
nqzIQh2D_Es,-1.0,0
oeP78MLHj0U,0.2486390620470047,0
I80_YFeKWuc,0.3435571789741516,0
tK0xLe_jpM8,0.26369595527648926,0
RokZ-Tvy2cY,0.302951455116272,0
MJEsOdx88iM,0.28098592162132263,0
8rOH1xpepug,0.23925641179084778,0
RMlOm6RpG-Q,0.3646019697189331,0
jBOHmuGsUdE,0.24468424916267395,0
026geiUPQYs,0.24819421768188477,0
F2O5s92UxaA,0.3117240071296692,0
VBr1UkwmI4Y,0.29055261611938477,0
C6eSmWvSFxM,0.21931158006191254,0
ASYV7uX1nV8,0.20370236039161682,0
100DJXA5Fng,0.23923078179359436,0
tHYz6zYN8nY,0.20665575563907623,0
MEI16327tCQ,0.22805912792682648,0
pEWqOAcYgpQ,0.3124360740184784,0
Xi_zEi_0hNY,0.29181694984436035,0
UwCZeywOIok,0.30979520082473755,0
vqu4z34wENw,0.31798380613327026,0
yeF_b8EQcK0,0.20224764943122864,0
E7OwbUlfTjQ,0.2363903820514679,0
_UyjJehQrLc,0.2296437919139862,0
FOIQcP0mX9Q,0.26381930708885193,0
SE91pxhQiqI,0.280425488948822,0
oqpoIJNF7qs,0.2546118497848511,0
iSOdNTnkKu0,0.2909775376319885,0
4qTmPWJbvfA,0.34116795659065247,0
vCP32JxwZ3E,0.29559779167175293,0
05-Gqlan8TA,0.3469564914703369,0
-at4b-8D8xs,0.31328389048576355,0
W4tyI-VvTpA,0.2903808355331421,0
vX2SvQMzce8,0.2125086784362793,0
k2vbdTTotok,0.2929841876029968,0
2_6AK1X8uhE,0.3142652213573456,0
miHCZ0gvroY,0.31199559569358826,0
20-TlWWDQCs,0.32422253489494324,0
gZRGNRrp2h0,0.26815542578697205,0
WddUYh9w7iw,0.3071593642234802,0
gkWHGy70jIg,0.2816688120365143,0
xAbYDVM5YeE,0.2759462594985962,0
HZiPyuIbV4s,0.2062947303056717,0
BD608IJ3aCE,0.27433323860168457,0
hkauT1c6Cj4,0.3160802721977234,0
7HFKBl3rE6Q,0.32135868072509766,0
rSIgCOyJxqk,0.3044397234916687,0
i4Uvxb8D4Sg,0.2940681576728821,0
CJGnbp06IaU,0.3638755679130554,0
U9tLGiJgVOM,0.20183050632476807,0
438F_X7X8oc,0.2837730348110199,0
sHNLOPj0bEE,0.3135618269443512,0
17ex-C6-mgQ,0.2945113778114319,0
2EYa94ZgwDc,0.22510677576065063,0
k6FtYfIqfKw,0.27620190382003784,0
8jGM3qm9Cgg,0.29339122772216797,0
AmNCIEl-3dE,0.18078485131263733,0
7QWvMlhr3fo,0.299468457698822,0
m2thQrgZmtA,0.33430787920951843,0
UXD-683AxsA,0.3323826193809509,0
Pddy_6fV2UI,0.3190813362598419,0
f62kIb8oHE8,0.3767746686935425,0
DT9Xyxyhh4A,0.27740854024887085,0
gQSZHn9wTNA,0.287667453289032,0
mIUwPazjCRw,0.2887173891067505,0
E91W_ZcK3_4,0.34678947925567627,0
bBS67nUZ-ZQ,0.3418772518634796,0
hyWcuPMo8C4,0.2416982203722,0
gM7EPVn-lJk,0.33295106887817383,0
xvZohCit9Vg,0.3291434645652771,0
TwiMGey_UPg,0.2973870635032654,0
RJroRcB2A14,0.20871153473854065,0
R9fx1prv51A,0.28298282623291016,0
_GhMpCHkRoA,0.3199954032897949,0
ImDj7wz65oI,0.3284722864627838,0
ZWSgJwmiYto,0.2897174060344696,0
iZAqRUF2Fro,0.3107679784297943,0
L2aC4mDkX6M,0.3476633131504059,0
A819G5gD5DY,0.3029189705848694,0
k-KkgWM7P_o,0.306789368391037,0
9eIjmggZ2oE,0.28476712107658386,0
i3xUhAWpPXQ,0.286942720413208,0
oM9UEN_LFEM,0.2917870879173279,0
PT5x2TOlnUY,0.2615300118923187,0
HBkZ_aXnQV4,0.300683856010437,0
2kqTXZol6wE,0.2415502369403839,0
b5328-q3xKY,0.32636842131614685,0
GdyDRPMRPDI,0.3535096347332001,0
xlL1m_he1x4,0.2771570384502411,0
OYXB9k1dKYI,0.19961509108543396,0
FlJhKjspxNE,0.2892810106277466,0
3OQToElxke4,0.3259666860103607,0
_ZXkYGiHIuI,0.24616116285324097,0
jeDKsg8r3ew,0.19780214130878448,0
cTK5hRSZe8I,0.315755695104599,0
tKwveS2QhHA,0.293746680021286,0
gHQRyBeVz3Q,0.2931588292121887,0
YtzHAkcjHv4,0.28818708658218384,0
0kRVw3Qmw9w,0.3012029826641083,0
WIxrIM3dGuQ,0.22908511757850647,0
53sN3KjUEM8,0.35606640577316284,0
-IWk5NkxQF8,0.2968272268772125,0
D-UmfqFjpl0,0.2295067459344864,0
r_lN52VwrBo,0.2864142954349518,0
eOMqaQFFhk0,0.280815064907074,0
Rtsp6KrRE8I,0.35308516025543213,0
EN1SJT76JoY,0.2579510807991028,0
31J_Xs6SLSo,0.2563631534576416,0
FiXCxfWWwPo,0.22889366745948792,0
G9H2aliqkq8,0.24608005583286285,0
qYaHoiUK0sc,0.2796800434589386,0
KZ5l5QEBQho,0.32066071033477783,0
oZnc6GJJl_8,0.2280435860157013,0
FHJ3CMWnVxY,0.3356015682220459,0
0zv0XPiY420,0.3037051558494568,0
NZh5YxDpuK4,0.2452663779258728,0
0NHQz_s2Chk,0.32639122009277344,0
3r3OgTR-7TA,0.25062280893325806,0
S7afGh8eLNk,0.3537563383579254,0
fNHYuoKHTwg,0.3146626949310303,0
Kr670q3ITdU,0.23563583195209503,0
TmeWEzc2mLA,0.21234287321567535,0
iiTDUNkRn0w,0.18645045161247253,0
uKYV2qjYIS0,0.21850994229316711,0
wUoxbm9MUc0,0.3044183850288391,0
OJTbbQN-ATA,0.25238996744155884,0
NjSEKXed1xU,0.2966870963573456,0
_TN51ykGZPk,0.24119873344898224,0
A-r9sj7zHJ4,0.2746761739253998,0
gFhpJzDWRxY,0.30393004417419434,0
_ag9qFLDWfw,0.307414174079895,0
OOvyseZM1gQ,0.2720147967338562,0
Sad-2ggo-fs,0.33937790989875793,0
3pZXMAy95H0,0.3395540714263916,0
zVeyKqclcQ0,0.32823410630226135,0
0E3dBiyoXV0,0.2663818895816803,0
7KlA7WTxbos,0.3235779106616974,0
2D1cCIzMMdo,0.3657461106777191,0
dL-3iynZ-bw,0.30732253193855286,0
8vrDeV46LTk,0.3140352666378021,0
2YgXqgmRQo0,0.30473262071609497,0
K9IcmOW5m-Q,0.3113330602645874,0
9FdhR60NA6o,0.3088722825050354,0
MYvNcGa75s0,0.2865930497646332,0
MuwjQ_926k0,0.34436360001564026,0
hweSWtzTCjE,0.37493693828582764,0
Lp5eyR9I8G0,0.28293702006340027,0
nEF8kx7wlRg,0.29409652948379517,0
0TRd-c0PK_I,0.34013301134109497,0
5gIkYTMR-GU,0.3355488181114197,0
7_Dptf0F66c,0.34793633222579956,0
Dh2mhimtPAU,0.2884451448917389,0
dGgo_sdxABk,0.32269859313964844,0
GXelqm6m1x0,0.27852386236190796,0
wpS0Y9D5ZyI,0.28046727180480957,0
aYjFliqVFzc,0.26332229375839233,0
znb-fpJwN3Y,0.266313761472702,0
OExa1LxYk0s,0.24438226222991943,0
QHKnvLgG7HA,0.2590533494949341,0
5qQ9d-3rcz0,0.26003652811050415,0
MrS-46e59V4,0.2516496777534485,0
Rb8-BSN1-ys,0.32038870453834534,0
GvT-XEt541w,0.3306432068347931,0
AWmiGX8EG9M,0.24019372463226318,0
GH332rw1zp8,0.3138052225112915,0
cyyZKzpyQHU,0.2798539102077484,0
aQ89Wdd77B8,0.3700004518032074,0
XWnwYcH8THg,0.19117550551891327,0
qagvMkxRVBk,0.2753683030605316,0
z_Uw4i_eBtY,0.3117377758026123,0
wbx8Vj4yxWY,0.2714538872241974,0
wJzyxcADORc,0.294412761926651,0
IwtNFzX0ni8,0.3071582317352295,0
Nt5qis3jvE8,0.33682772517204285,0
fWENuDSu05Q,0.3506085276603699,0
IyoBbzCqvbE,0.24507594108581543,0
NhA41QLiN4A,0.2947561740875244,0
ejYTXbwYpk0,0.31227076053619385,0
isInKCvPUx8,0.21458804607391357,0
La7fMoN2um0,0.3502967655658722,0
sRR6VipPeeo,0.2770323157310486,0
rBoYIDWghZc,0.32104820013046265,0
6DcT6qwCBIg,0.3280796408653259,0
-MXa5UA2Xuw,0.2489289492368698,0
kPTmkc6Ti7Y,0.24233472347259521,0
Df46CRQq5RI,0.30068865418434143,0
zIzIigyd67g,0.29758983850479126,0
2sNkmHMLsVw,0.23853467404842377,0
8AimnD68l-w,0.2330319732427597,0
3pSW8-3Zth0,0.20100697875022888,0
Hz2F_S3Tl0Y,0.32293328642845154,0
ZdLrHHJ9I4M,0.29203471541404724,0
2sw8o2JID70,0.31319040060043335,0
Lr6RAhhyBGk,0.3081517815589905,0
EvrBw7vu6qI,0.2853630483150482,0
yLKro0q0tGY,0.22261136770248413,0
E6tJvAg3EXg,0.29714447259902954,0
U-Km1k-hYhI,0.2597494423389435,0
uHTbEG0LD68,0.28394442796707153,0
4MK89zVlYdQ,0.25345802307128906,0
eAPqQFWEoKg,0.2963041365146637,0
XnitQYkYYcw,0.23734289407730103,0
B3OjfK0t1XM,0.2683289051055908,0
kgrV3_g9rYY,0.2921565771102905,0
UR8Vm9Y19Hg,0.23974066972732544,0
40_R3lyMMRo,0.19313722848892212,0
Xnkp4Cj1HDw,0.2022271603345871,0
s7S3TxSCcQw,0.20728059113025665,0
P_ihwXty6Ls,0.2841453552246094,0
3H0dQ-9UPW0,0.2954997420310974,0
2z_vHdmnjAk,0.2992568612098694,0
DsPmSWy9ZiI,0.30629298090934753,0
YdDlWmM4x_I,0.3065505623817444,0
PMIAnKaRJ0Y,0.29838427901268005,0
6sXL053d1ns,0.3269989490509033,0
9ZHeKutt_cs,0.25668248534202576,0
EJrFzr_Patw,0.2979913353919983,0
Vlbc0Uvs5Ak,0.2796770930290222,0
iiJIUnSoa_U,0.2778525948524475,0
5JOYVDS60bw,0.29293689131736755,0
vgb75iSQez8,0.27535563707351685,0
_tE5hVovTYk,0.25745826959609985,0
pPTcwK_TL3I,0.3395605683326721,0
2TQLwiiUyAU,0.23748965561389923,0
IgwsdBR_N1w,0.29168662428855896,0
TvN3atq9Xpg,0.313648521900177,0
9ZrwFJZfW5M,0.26047274470329285,0
eE1NEt7jyA4,0.21956656873226166,0
PX8ykesLfSE,0.26570039987564087,0
2mh_ZICm-EU,0.27844029664993286,0
FH03brc63GE,0.2916109561920166,0
HewtIPiQueU,0.3081059753894806,0
kbKldiDOgEE,0.3732685148715973,0
H7EJyQ8lb7o,0.32385948300361633,0
uo1Kj1aZyUk,0.33046847581863403,0
I4HKRpPvFBE,0.22295710444450378,0
uTOSC1zVRuo,0.34261637926101685,0
4Ugt4exeQ8E,0.22878581285476685,0
R00LqJ47PlA,0.2746526598930359,0
NrGWmrmXfFo,0.29033163189888,0
eu5HUrEHsmc,0.27467894554138184,0
sLGXktFmpEM,0.31426265835762024,0
4rp2aLQl7vg,0.30381035804748535,0
91eoGiLSCgY,0.23435285687446594,0
OFgtCHGTm6w,0.3114396929740906,0
Lgytsf4gBa0,0.2960510551929474,0
YttwmhKvU_4,0.24420471489429474,0
KRqgjpiwrY8,0.2675471603870392,0
xnBr_gSPz8U,0.29280129075050354,0
SVLe7KMu0u8,0.3384796977043152,0
3BX7xVFZMBM,0.29731497168540955,0
GRqx-xXloHU,0.3673322796821594,0
Yv-DC4eqjVg,0.26799291372299194,0
2sv27K1mv7w,0.318150132894516,0
TBLs_WNctnk,0.31751900911331177,0
uzmjjO7wNVo,0.18276382982730865,0
4SF9cFDR7VQ,0.35449540615081787,0
yG5oXqnCXrY,0.3261818289756775,0
lnVn_wNAmzc,0.2316761612892151,0
8rEdx5revr4,0.2463645190000534,0
mZZ6CJSoRLs,0.3375609815120697,0
Jh7wRYL-pUE,0.2775608003139496,0
d2OONzqh2jk,0.23371684551239014,0
MRveAuJvtp4,0.2653299868106842,0
rXi5W8BRLnw,0.22329972684383392,0
K6ju9Ns9aXI,0.2509762942790985,0
NKEzWnwmddU,0.2711736261844635,0
eVRAgGXtCNo,0.27276426553726196,0
IY5HsCAqxdY,0.2561987638473511,0
suIg9kTGBVI,0.24149364233016968,0
qxJQVxbV5UU,0.25027230381965637,0
4a6kmXhUFXo,0.31887316703796387,0
0SzXyRimQ0s,0.24977827072143555,0
ZXqOVn4-Yaw,0.32597649097442627,0
To12MHZTyf4,0.32534411549568176,0
Eef69_st5oI,0.2429899424314499,0
jH2d_4XJTkY,0.3011467158794403,0
mAgbSaF_UoM,0.3723236620426178,0
6gTmyhRM6k0,0.2661134898662567,0
X9sWtUXs2wI,0.311450332403183,0
f2ZLOx0k3Ks,0.2873423099517822,0
CKBnkchY8Zk,0.245583638548851,0
LJTqjryGp8k,0.25933170318603516,0
jRUed5CY_tQ,0.27088916301727295,0
ejy_MAKQEsY,0.3345780074596405,0
G3BTGvNB7nw,0.2681826651096344,0
TVieLpY9bWQ,0.2756926119327545,0
jYwRZZFwrBc,0.27444764971733093,0
aeKb2FMJsuY,0.25689247250556946,0
sJ-hA0MP9h4,0.27293214201927185,0
teV20eH7Xmo,0.3221353590488434,0
ycpt3nSK4QE,0.3511812686920166,0
paDq3_yfZcM,0.2730237543582916,0
U4UwS_BQ14M,0.28960803151130676,0
3lf1016C__Q,0.323081910610199,0
hg-yQLJq-QQ,0.2801956236362457,0
o_Q_fOD5uRs,0.2958632707595825,0
Pu1K776Cn6M,0.30148306488990784,0
n1D4MalbHq0,0.29899659752845764,0
yyNPXW2q10o,0.2885279357433319,0
KzlQgm7zeAw,0.25291550159454346,0
zCraCrWpwAI,0.2227228283882141,0
vMpaSBYh5pA,0.23492270708084106,0
pkqLocWVkMs,0.36365455389022827,0
Z7pFwsX6UVc,0.3110358715057373,0
xG3nIoBzOzs,0.23481452465057373,0
FF13ynwo6ug,0.2322843223810196,0
kBVSE0Ll0fc,0.2399090677499771,0
0RxeMYwb0EQ,0.2233538031578064,0
NXRutTcg1BU,0.3108865022659302,0
MukT7dXGHko,0.23340162634849548,0
n-Gre9Py0Jw,0.2298329621553421,0
IENArFXpQD8,0.30847662687301636,0
fTrMH2Pdq2M,0.31102612614631653,0
x3RY2S33ylA,0.3332259953022003,0
fm9DH2OtClo,0.25446370244026184,0
rF31t3oqsj8,0.30446386337280273,0
og_URMyEkpg,0.2910594940185547,0
yBAihc9a3tg,0.3139097988605499,0
w-YaTnxwQxU,0.2933960258960724,0
RrjGfIMoaWo,0.2334989607334137,0
ezbYAglQoxI,0.24754899740219116,0
avMZGNytm9Y,0.2524389922618866,0
2qepS30_wdA,0.25510314106941223,0
xKWEBc-df_M,0.19213369488716125,0
owPT0yh0VV8,0.189317986369133,0
zaPcin5knJk,0.3362291753292084,0
myjEoDypUD8,0.24301931262016296,0
Cd9qrDtXq0E,0.3074823319911957,0
90D_hOnFrgU,0.27382922172546387,0
_HML6UYYF-I,0.21453550457954407,0
a3KAmDrS35A,0.313130646944046,0
4wBFoWumJEI,0.25192081928253174,0
8KeOxeuiZjs,0.3300202786922455,0
lArb4T4Yp3k,0.2557808756828308,0
4p4Cs2IVSXw,0.2774239778518677,0
eeumL7Fz-8M,0.3328213095664978,0
OhDgNoqkTrw,0.22130133211612701,0
ISlS4aukpaM,0.23924078047275543,0
F-kvFACZ5yE,0.24737903475761414,0
NiidUuPZxpA,0.3167566955089569,0
Ylj_Omeqg0I,0.3206034004688263,0
HPwWK8ljorM,0.21735607087612152,0
fQ3uql6oFtg,0.2465871423482895,0
-20QvMQRX1Q,0.26002955436706543,0
XIGWjzqKTp0,0.27450376749038696,0
AstLBWlZxLU,0.27477583289146423,0
IeH0mz0REi4,0.35540759563446045,0
bKqSQ1pG5xs,0.2636677026748657,0
D1XQ0nSqIBs,0.21530190110206604,0
pdXTJOJp7c0,0.2902708947658539,0
ZmKy_fnRM_E,0.330191969871521,0
2p7Ah8uQqmU,0.3119526207447052,0
9HvTRg7LCio,0.33266863226890564,0
RJ4jlutcSbY,0.2624017596244812,0
3ktU5YAxvkE,0.35190215706825256,0
7zjMUoRfUjI,0.31872546672821045,0
tCe4KrQhraw,0.2659912109375,0
go-vCNylqcs,0.25261878967285156,0
vrXrTKhqkdM,0.3012832701206207,0
4AWvQLi5Ewg,0.1846623718738556,0
phNCAbopozQ,0.32233959436416626,0
YZ-LagCs6GA,0.23403966426849365,0
ucC903dOCk0,0.28453683853149414,0
5P5rKZi5qCU,0.30407366156578064,0
w3hPbyoebZE,0.32587459683418274,0
nObJ4NuwGD0,0.35128700733184814,0
31L-QkC_lfM,0.2683871388435364,0
0uftdOL3fyQ,0.2859700322151184,0
h8VFPcQylAE,0.3136676251888275,0
kV8ucYvic_E,0.2237962782382965,0
D55r-Y_yOwU,0.2954021990299225,0
xfqBQ2XhBCg,0.23692159354686737,0
65Dew37xj9w,0.3642990291118622,0
7nIRj0jgg6w,0.3371925950050354,0
40sJn4fEpMQ,0.27364352345466614,0
Egs8T_Xu9EE,0.31516703963279724,0
7yH_9nvm9fU,0.3097532093524933,0
P0AG6qpOTPs,0.26736390590667725,0
LQCQym6hVMo,0.29239213466644287,0
EllS87Qo_gc,0.23860597610473633,0
pWAKbgB7CHg,0.2869427502155304,0
ye-7JDaEifM,0.3372659981250763,0
WQEIMX3mDyc,0.27215391397476196,0
gpcTOohKzYw,0.2585449814796448,0
0W8T9QKQAMA,0.2573595643043518,0
UOhskKdvhrI,0.3128906190395355,0
HC4A7zCoX6U,0.28512412309646606,0
oULoamyhycA,0.3403651714324951,0
gglVDoyAmns,0.32646483182907104,0
FEou1UOo8ek,0.258197546005249,0
_cXLeQYLuCw,0.2546806335449219,0
udXlrv9J1HE,0.2692904472351074,0
u8o7YBY_iaw,0.3155669569969177,0
Ooe-QU-77BI,0.31941232085227966,0
G-4tJ63X5vo,0.3235204517841339,0
V-bP1mziAKk,0.30279821157455444,0
ncfUdhm9JDk,0.25737297534942627,0
16KaoVmVTPE,0.29026153683662415,0
VZqok0qjlBk,0.2614964246749878,0
NS0mpa7K1ZM,0.23718857765197754,0
TYHhRhr3CQE,0.2912057042121887,0
Bowd3CLHFy8,0.27390220761299133,0
Y_yY_m-Lpck,0.20414014160633087,0
a68_5wd-r5o,0.21512754261493683,0
EBwsw32VY0I,0.24705064296722412,0
WqMkSLe2BQM,0.29871413111686707,0
VZNTxRHHN3U,0.3020557165145874,0
OuRPA7KmJOs,0.2848365008831024,0
GgWkY2LThIo,0.3391779959201813,0
fAfy1SHLjI0,0.23604048788547516,0
QSWeVyIjoXo,0.23005978763103485,0
V7jSEMnKTJU,0.33303242921829224,0
jXCYRfv3_lM,0.3082458972930908,0
IvMJDmdCxfk,0.27297696471214294,0
nrvzrEwJ9fI,0.2788502275943756,0
9PQpYvKdupo,0.23292727768421173,0
Stb3hfQDfzg,0.23570019006729126,0
ixUmZiUP3Ko,0.29466989636421204,0
7Cxwmnyv9Sc,0.2413339465856552,0
H3PwDOUoqlM,0.29309576749801636,0
H0-WkpmTPrM,0.30645468831062317,0
cxkUhSMSWXs,0.2723405361175537,0
fzfVtDPRzt0,0.22631007432937622,0
t-v_TQO6FVg,0.28564590215682983,0
ngddfxog-yw,0.30454397201538086,0
vel7axGDmsE,0.3335162103176117,0
tkrHMiq4WYQ,0.22291292250156403,0
3SsK-cxlj_w,0.2582409679889679,0
jBwMeX0tU0U,0.34110987186431885,0
1ykn3lx-I0w,0.2735363245010376,0
zhEWqfP6V_w,0.2610012888908386,0
7i4qb48viM4,0.3165839612483978,0
oyZ2HQ1zI8E,0.2594389021396637,0
3eSnuD6yOnA,0.3076171576976776,0
9ncvEazcJ8U,0.20365016162395477,0
fKECBVo-63U,0.38288334012031555,0
M8ZpecCPo54,0.31469136476516724,0
21TLO0mJpYg,0.3846833109855652,0
lnln2txTbRY,0.34742075204849243,0
pHmezoHODew,0.35780951380729675,0
986TqLsdRZE,0.3841552138328552,0
U55QFiK8EQs,0.36647865176200867,0
u6CRO3cE_5w,0.3298206925392151,0
tZB8EzZrxtY,0.329061359167099,0
iRcyp7tWK3w,0.23965957760810852,0
MPz-U-GOhxg,0.2836633622646332,0
YASzEtlOeso,0.27416813373565674,0
1GYbAEGUgm0,0.2720162272453308,0
ylAAKafcqSE,0.29284119606018066,0
2vIdnvYHRdc,0.3002304434776306,0
VyMblPZPh4g,0.27953821420669556,0
qQI3ENx1SKc,0.35288119316101074,0
QCFluH5CZbo,0.2644200026988983,0
L4Xx7IZ4j_Q,0.28679943084716797,0
yX03RI83ZRM,0.2637629806995392,0
dZa-uMlse1k,0.32366421818733215,0
J0XY_6jWOxo,0.3539603352546692,0
LOLshP-RL88,0.3069028854370117,0
9P2flimeb6I,0.23443078994750977,0
JDiD8Z3lWQk,0.26407045125961304,0
gTXdCBjI5nM,0.3229500651359558,0
B-RR9wsa12Q,0.22216922044754028,0
KBl3b8p3PUM,0.24541422724723816,0
CAwokHvMFlY,0.3352763056755066,0
wTxW7sa2rtg,0.3320894241333008,0
b4zXrA9y9Yo,0.33760666847229004,0
mcYPiQGyZbM,0.2950648367404938,0
879ysA4h9r4,0.23532500863075256,0
jm1PuVQAYsU,0.34981900453567505,0
dQU-CrVTPAY,0.30733150243759155,0
UxHX821KSFY,0.32373273372650146,0
uN3GoTFh_JI,0.2867852747440338,0
RmTcHmuHQFA,0.3477739989757538,0
QxdfjLAp8AY,0.3182826042175293,0
SkaewM4YVzQ,0.3126538395881653,0
uAekYuDHkms,0.28363490104675293,0
gdShT3dT0yU,0.2693977355957031,0
nSM-97t7fCc,0.3251812160015106,0
4Lxrwv9DTK0,0.3101186454296112,0
mjL5wrGhqoU,0.3256920576095581,0
4O8qJNQurQ0,0.3204687535762787,0
9HmwVYr1LWc,0.2754482924938202,0
9qm7C7RO0Tg,0.2575163245201111,0
y_vDkB_Q_yI,0.29645591974258423,0
czbIJYxQH6E,0.31781384348869324,0
CV_jthQ4VNc,0.30562257766723633,0
fCnln8SHr9Q,0.1952979564666748,0
eXDU9um19HM,0.23593918979167938,0
2iPFtZENEq4,0.2775987386703491,0
UgPbbpEQ1B0,0.21204659342765808,0
-xFZmyCCVn0,0.1947055160999298,0
j-BKmFVCM3s,0.3449168801307678,0
eN2jqTilLOM,0.2654934227466583,0
KDPW_g2AhAU,0.21533605456352234,0
5rrM3zl4J_g,0.3061057925224304,0
_70eLMcnSlc,0.22189943492412567,0
pavyvF5PrpA,0.26833468675613403,0
ADvf-PIZPLA,0.30152428150177,0
502ILHjX9EE,0.2686653733253479,0
j2cTjpdwYrQ,0.25855255126953125,0
49eBJAKyrls,0.34329506754875183,0
3pRD5AzIGX4,0.21953903138637543,0
gm5F1-kfaJ8,0.26971399784088135,0
TP56DuUpKBE,0.2684040069580078,0
IGF_k7xtgMA,0.2555643916130066,0
X03eztjrMNA,0.2880284786224365,0
YPaLGP_xr-w,0.3242136240005493,0
PqU-hnowpZA,0.28539156913757324,0
4wyCCcqu-sA,0.26307013630867004,0
7SQIIUSywcg,0.2824819087982178,0
L8ff6ft3GOg,0.28575849533081055,0
G2FeiwNkelM,0.2910758852958679,0
jljkK9HMa44,0.3396890461444855,0
hiAsmUjSmdI,0.3270971477031708,0
InoZ7xJJ1Bs,0.28200775384902954,0
T8_vOpZOOtI,0.20609833300113678,0
cm3EBJ_zWYo,0.32784590125083923,0
dfwNQFHq_XQ,0.28278473019599915,0
7y4l_VKLVzw,0.2851060926914215,0
7yXQKnit8Eg,0.25364184379577637,0
QCQ_d0NOF4g,0.3585761487483978,0
QZ1rhSnk-B0,0.3066268563270569,0
BORVxbsdkCM,0.23290963470935822,0
-d8sNML3WT8,0.32395869493484497,0
aolS5frsyHA,0.23037604987621307,0
5Fbwd_Pdykk,0.3631100058555603,0
IRRByVy8iVU,0.32882046699523926,0
U8Cd_McCdow,0.3475935757160187,0
hurdpPzEKjI,0.2624133825302124,0
eGo4IYlbE5g,0.30865710973739624,0
RxOBGlYZDeE,0.22872976958751678,0
422UcuE5saA,0.3040410280227661,0
0HWcxaQcqWA,0.31999585032463074,0
nlWfJlM3qGs,0.24382589757442474,0
njJ8FQXZmcE,0.22475798428058624,0
pj705DvCSxg,0.27455711364746094,0
tlO2ph_PesE,0.3353547751903534,0
MrDU2m-gKQc,0.2889331579208374,0
AmC9SmCBUj4,0.24966304004192352,0
obOq23w8eAo,0.29791259765625,0
SaVizuYytlM,0.2431466281414032,0
YL9olI6jyNY,0.3064887821674347,0
5Ux_ipIsNyo,0.2925628423690796,0
9gGIz4jOUPk,0.2512661814689636,0
7UytG_91f44,0.3223666846752167,0
RfOGGAqPNoE,0.33953946828842163,0
ogOK_GXiGtE,0.1846872866153717,0
qG4IaHgqH00,0.2010648101568222,0
_BitxBikwCA,0.22904713451862335,0
s9Qu_JXjbxo,0.21352866291999817,0
rbhWDMXrcEU,0.2496413290500641,0
yddImJgbGMo,0.2614591121673584,0
kVyxAj9DmAw,0.27401289343833923,0
Mlcqzw-VwY8,0.24214212596416473,0
lz24W6CQ0HI,0.27356845140457153,0
vPasmXV-i_g,0.22819507122039795,0
_lt_b22I_ro,0.31418290734291077,0
f14TUczMrX4,0.26479920744895935,0
-CGl9vN7z0s,0.3530932664871216,0
Zywrd-iXG0Y,0.34699976444244385,0
nUB7IflBBrc,0.317414790391922,0
y6s9bqNqxEM,0.3430665135383606,0
kHuKuCaQamI,0.31099241971969604,0
5uEW02TbuhU,0.29733431339263916,0
QUYbN5KXl_Q,0.30945026874542236,0
XZVHmRvfDHM,0.2986120581626892,0
_ItLpWohnUk,0.3380451202392578,0
7yM3rYOkOTQ,0.2757297158241272,0
04LgoM5TSPM,0.2648140490055084,0
KMKiQ59g01E,0.35774025321006775,0
v-kRqUhrfic,0.2484450340270996,0
600RzTL3mXA,0.3607251048088074,0
4RzNwnp-9yQ,0.33421510457992554,0
K1HbsQRftfI,0.2300342619419098,0
3I7qf87w9ac,0.25109758973121643,0
3NXoxHLyMuw,0.3455047011375427,0
QaZ93sibpk0,0.3641164302825928,0
Txqq8q5-cRA,0.27670711278915405,0
xw9tcyxjwYM,0.21237124502658844,0
YIAAI3j_vsY,0.2467939555644989,0
MfZxuKvZiwA,0.30542320013046265,0
hG5IdasQS9o,0.27785027027130127,0
L147kFfchtI,0.25624972581863403,0
kWegd_d4VSM,0.2608036398887634,0
ANbhxA4xJ3g,0.27897900342941284,0
a6C0q1Z9pGA,0.32806897163391113,0
V2OgfwMclLw,0.3477557599544525,0
KONe4SNFA64,0.2658374309539795,0
tU-tmfOQo9E,0.3358865976333618,0
CTKg3WDTb3U,0.22832472622394562,0
PdRzj1cDVa4,0.25502699613571167,0
g2qhDUVsghM,0.28465375304222107,0
o4Of-wXPcqs,0.23274728655815125,0
FjUzFX5A5BM,0.29226967692375183,0
g2VpUoJvy-w,0.2887458801269531,0
i1gw3KcRccY,0.2765664756298065,0
QQKk-8693rY,0.2141931653022766,0
cgIbzjjbdw8,0.2113175243139267,0
AUujzcGkN-Q,0.3027106523513794,0
glsCBOGAf8k,0.23187708854675293,0
lvbKnaQBL10,0.2943381667137146,0
OY17HIE5fSM,0.28991270065307617,0
y6ZBCw0E_Xg,0.32840684056282043,0
VO-6aOpdp5c,0.3097376823425293,0
MTJ1tlfPvjM,0.36650827527046204,0
VLInjyogciw,0.3666069507598877,0
sTmpbEYUba0,0.35725194215774536,0
omeKzwAlK04,0.22509446740150452,0
jldVCbV0usg,0.3218996822834015,0
3-Zu-vhWEUg,0.24599842727184296,0
3YA5jNAjt6o,0.28365468978881836,0
6xxhYr4gbQE,0.2471000701189041,0
xo5ChWMu4yE,0.28159084916114807,0
O5_E1p_jbIw,0.24979948997497559,0
CyZ1ZuhCajw,0.29494795203208923,0
z-0G2vfjbiI,0.29689884185791016,0
g1Y2DatQhdU,0.37412673234939575,0
Ufl10eCvZWQ,0.29786059260368347,0
Qzw6A2WC5Qo,0.2521451413631439,0
_l4KXnKjw88,0.21979892253875732,0
bqv7mjTaFUM,0.2780625820159912,0
k_lqOyoLsmc,0.30297601222991943,0
9QCvbFGtDH4,0.33154577016830444,0
sSsqvGgwGVc,0.3214036226272583,0
n4_RdgH-I_0,0.2545444369316101,0
RBSWgoozAdc,0.3905605971813202,0
kffacxfA7G4,0.2558490037918091,0
ZFnd0vDRGS0,0.3265364468097687,0
Y-en32wDqxI,0.31202831864356995,0
CHVhwcOg6y8,0.3054986596107483,0
UUSNhlp5dhE,0.4050912857055664,0
-YICuUtkjlg,0.27695432305336,0
1__IO93Xmiw,0.32314151525497437,0
ZMozm7JSfM8,0.34143054485321045,0
wwYmiIn0Za0,0.30045655369758606,0
V7XQjcffunA,0.3305477499961853,0
81beBPicSUM,0.32280656695365906,0
f8RWmzO4Epo,0.25428590178489685,0
3aPkYrKiQjw,0.2752210795879364,0
LAh0F1PcLos,0.23947976529598236,0
hulIu-A067k,0.2434968650341034,0
Bvt5vMwG1KE,0.30437764525413513,0
4_g0Ch6hwaA,0.2981519103050232,0
yXzfHhg73pA,0.33652716875076294,0
Oc_Gu4hAzvQ,0.2758452892303467,0
ZxkMSasv32U,0.309032142162323,0
-3Z0l7QrsKo,0.3057403862476349,0
cHH3M7y1GHA,0.19868525862693787,0
RbXhJSVoGTw,0.2154323309659958,0
6YxGCccOEHc,0.3694903552532196,0
oYC2BL5J4cY,0.2023640125989914,0
UgI071JSZMQ,0.25223755836486816,0
weYWmFZk4Ls,0.2803971469402313,0
mBaH5r4asNk,0.2723347842693329,0
LX2dDI1KkQ8,0.317539244890213,0
ivCY3Ec4iaU,0.23241613805294037,0
1CXmTz9NaUI,0.30235403776168823,0
GbJO59nWQRU,0.27396437525749207,0
5D3crqpClPY,0.27569684386253357,0
laCpg2ULs00,0.2619417905807495,0
9nzQont2FjY,0.24523116648197174,0
j9_l7DoWazU,0.29414796829223633,0
l6wvsjthsPE,0.2666102647781372,0
Wa-kbAm3_IU,0.27381882071495056,0
_COpEcIXj-8,0.23234885931015015,0
FI2J0flYLYw,0.3113349378108978,0
SdL-jg6KxtY,0.22840477526187897,0
lKoXhTuUOI8,0.35623717308044434,0
Nv4M4Hf0suU,0.3297967314720154,0
QlBI5Q1Vn14,0.3028229773044586,0
SQq4C7NluwY,0.2305321991443634,0
6GMmFHfQ_Ok,0.28533846139907837,0
5DCQIZGD8vs,0.28766655921936035,0
kMzk9n1sIrU,0.2422366738319397,0
3ZmrbwSPU1c,0.232009619474411,0
Y5qKNlcUwKs,0.2577533721923828,0
LO1dUSjfCFE,0.3780735731124878,0
Apnm7TAZvt8,0.30027103424072266,0
c4vi5Q7_DIo,0.31996187567710876,0
ljbhRXjoDjk,0.252111554145813,0
M2oHDG7R45Y,0.3033389449119568,0
vFGWIhnE3i4,0.2866668105125427,0
8LPVjHxXvJM,0.3292122781276703,0
1pDpI8YiJsQ,0.207380011677742,0
_uS8QRe2qfE,0.24179530143737793,0
c_cJt6QwTR8,0.25067228078842163,0
i0buH4SoWGw,0.29497745633125305,0
Nbh-yvtlRcs,0.31521907448768616,0
IUhvH8eUazc,0.3106153607368469,0
n-lMREarydM,0.27615800499916077,0
JeFxIPPTKvI,0.23793095350265503,0
2fdp8SVOSF4,0.3015017509460449,0
aIAy0vn4fRo,0.3751288056373596,0
FBL1SHwmVFw,0.28512850403785706,0
oGPxEX2dbTA,0.289465993642807,0
ZstrOke8VZA,0.2690662145614624,0
zPikcd01B7s,0.21026353538036346,0
zdXzSdwfR_I,0.28508180379867554,0
qZA080mQiw8,0.2891579270362854,0
h2aOm7GXoco,0.22193290293216705,0
uSmmSLMOhI4,0.2875894010066986,0
LywyC3KqAXM,0.3048429489135742,0
KEvh6AOHLZg,0.2887025475502014,0
9COUA-77qCQ,0.21690461039543152,0
dh18o6Zd138,0.2796325087547302,0
EY28I_XtVF8,0.3186343312263489,0
4KxWciwzhQw,0.3210103213787079,0
u-zBkjndGBY,0.27399489283561707,0
g63PQynxX8s,0.24947713315486908,0
-OLwP9vXMsk,0.24389177560806274,0
PqmE5mng5eE,0.31229346990585327,0
-J8eqDxOiUg,0.2627534866333008,0
_4cUkB327Ls,0.2937716245651245,0
uKUO6uuk__8,0.2917761504650116,0
B9FJfmKv998,0.2691645324230194,0
zcpMe9kvgTk,0.2658485770225525,0
MgxEn2jv-YU,0.17571142315864563,0
SLt5qC2zBxY,0.2843033969402313,0
pQWszm2az4I,0.20420333743095398,0
N3b49V2oqwc,0.21586284041404724,0
Ttoq1NUkMm8,0.28816139698028564,0
98GHT-djVh0,0.24089936912059784,0
1-6cgn7bquY,0.2227254956960678,0
2SBmi9lIstI,0.18826699256896973,0
KAH6qbE-Mvo,0.18457134068012238,0
teiFpIjevyg,0.19219925999641418,0
QvwrFo7fXTM,0.2684122323989868,0
JrCoj5ZVZio,0.2948317229747772,0
1qnzrtJoXF4,0.33628952503204346,0
PguxcJaJlTc,0.3331785202026367,0
WpH24vV-3P0,0.29747697710990906,0
dLGAhsqxTZo,0.31580057740211487,0
QNwrN5WsZzw,0.29068028926849365,0
ay3uvuaI9tM,0.3310423195362091,0
Ya4l6ZoLsOM,0.290395051240921,0
ls_pFtSCaDo,0.3067251145839691,0
c0hQL69I-mg,0.27447593212127686,0
8luQ8v-jRJg,0.3009713292121887,0
yFRoKxOkNSk,0.30089709162712097,0
54_qd5xd0Oc,0.2827971279621124,0
LQFNBMS_u7E,0.2837073802947998,0
sg-AMwFga1A,0.32996392250061035,0
gfKlNfF6Tfo,0.345681756734848,0
IYAajhGoewY,0.1943209022283554,0
RtM7IuywPTk,0.28766730427742004,0
JHucNu_u774,0.3276709318161011,0
Zr8pQCfn_R4,0.1661289632320404,0
Mqtotl85tN4,0.3873273432254791,0
CisOMl3ibTw,0.254671573638916,0
zBX88mtYxyc,0.39020639657974243,0
a--C9lyvq-k,0.31989502906799316,0
zG3i9UX14Bk,0.3187665045261383,0
MJX7VGcJF1c,0.3374135494232178,0
RADMoVY-EMI,0.2875835597515106,0
WRsnHpIQPN8,0.2571319043636322,0
pPZkWxoZy4I,0.28926414251327515,0
1JsRIZQpkRU,0.28200218081474304,0
rgb3sxJoZhM,0.3159993588924408,0
y5Bv_rPTTWc,0.24221403896808624,0
K8HOZlC5ECQ,0.2627936899662018,0
EiEifW_Gob0,0.3130079209804535,0
2hPi38x90ks,0.29941222071647644,0
7CTtYz2R4nw,0.3633868098258972,0
RXo7w9uhSQ0,0.26091620326042175,0
MuaaU0BuCnU,0.31873974204063416,0
W3xmvLgdOVI,0.3413372337818146,0
ZutmqaiGRrk,0.3519419729709625,0
ctKmI0vbMzg,0.3215448558330536,0
nDKGAPppxwU,0.28648877143859863,0
dhe73UMqREI,0.24166828393936157,0
Jx24ay589mQ,0.22417159378528595,0
lBvix8cJ_zc,0.3037240207195282,0
gsmApvRGInU,0.22343511879444122,0
mK4k80Eaw24,0.3305942714214325,0
oi1a4UDpo44,0.3526793420314789,0
tuZZXi6qxjk,0.24714334309101105,0
j1EUsGrIgMY,0.2620692551136017,0
7oxlCKMlpZw,0.25593048334121704,0
_6br-YeGh40,0.30671268701553345,0
Y9EUPrd_oJw,0.30434924364089966,0
NQMicLluWfs,0.25301745533943176,0
WY-Jk3Ubs4U,0.3241264522075653,0
yBBSpeeN9t4,0.2418396919965744,0
EyRyJ37_5xE,0.22363176941871643,0
HI52nXTLmb8,0.32465916872024536,0
RpkbKSKhXTY,0.26060423254966736,0
4cJfxdL6llE,0.27727314829826355,0
Xg6sA-Z_yo4,0.31889766454696655,0
hDNSeob7_rA,0.27850693464279175,0
Xg8TTKuSGbA,0.3200465440750122,0
_p2WyFriHNI,0.3815143406391144,0
QvbpeETBoGg,0.3070800304412842,0
-klCJ_4PGRo,0.21262145042419434,0
lFBZJGSgyVQ,0.3165266811847687,0
3jL6LlUL5wE,0.2807609438896179,0
Li-DOisUu-g,0.3448483645915985,0
uLMaR3IM-lc,0.2695583403110504,0
FOlmTg8mKPk,0.24645893275737762,0
HwXFdgo_P0Q,0.3945828378200531,0
JFj1tk1vMN4,0.29975125193595886,0
Ie3w5uvj-Eo,0.22231465578079224,0
GlAjeTunopo,0.27902233600616455,0
5kJ9NfYwlcI,0.27550220489501953,0
TRGHIN2PGIA,0.315373957157135,0
QJyeOWZkuAI,0.22815854847431183,0
Hop6L1p00L0,0.2602483630180359,0
LEBCc-Qpilw,0.2620818316936493,0
CFVLd9lk4KA,0.32601267099380493,0
8bACuhV5RPM,0.27621766924858093,0
f5d_Yz5eC60,0.2409413754940033,0
3dLz8CrX2LY,0.3064553439617157,0
o88is6MRXko,0.3198087811470032,0
NewuhAriR9k,0.15770962834358215,0
quGTvp_S6ns,0.31562870740890503,0
CIRjxMDC5k8,0.20264072716236115,0
4RPsfu2N5VI,0.22308994829654694,0
2-0OMIYVUKM,0.18267391622066498,0
YxGWU4JibVk,0.18532676994800568,0
XsFeMIIi5zY,0.2879246473312378,0
Wk7QDl6S7hc,0.28053048253059387,0
T8Tw7XwfboA,0.2715901732444763,0
8Dps3vSSw-4,0.2388613075017929,0
ShptLld81eE,0.32510635256767273,0
OWCSDTTqm3E,0.2934691309928894,0
ApPkdTNbcY8,0.27987876534461975,0
UrIphPnkHZo,0.27039390802383423,0
OAbIYyJuFfA,0.20764802396297455,0
nrcrGIf0M98,0.2863368093967438,0
I81j1CEXfhc,0.235502690076828,0
wTqpyUJxlRY,0.29165348410606384,0
rBQQZ30w94w,0.2556430995464325,0
sBwolw5Cm9U,0.2871064841747284,0
8ToP_EnAlLU,0.2873659133911133,0
KPLWWIOCOOQ,0.28762730956077576,0
9bI6h_9K4s0,0.3103472590446472,0
V4PPWYCqPKo,0.2491159737110138,0
3jAsNXXCiBg,0.32206082344055176,0
bm1gvNQtYJQ,0.2275683581829071,0
v1iZtBM23bY,0.2911025583744049,0
jqWJ7xAbPnA,0.27254387736320496,0
gI4qHCdcaQs,0.2650696337223053,0
oMjPz0v5wkg,0.24264565110206604,0
rBNChsUJ128,0.29058778285980225,0
jzyJ2p5H_HE,0.29658105969429016,0
WBpVPpc-Uus,0.29011717438697815,0
-0jp9XK86Dw,0.2902086675167084,0
jLThtN7BHSM,0.3284911513328552,0
QdCWqUTQm-A,0.32549941539764404,0
erbk87CRLeA,0.21129627525806427,0
9u0RjKKsPaU,0.24641653895378113,0
-gYneEqfhuM,0.22324268519878387,0
hmFQqjMF_f0,0.30595993995666504,0
QHOmj2TO4mM,0.3679901361465454,0
UCoGG0qSSrQ,0.30248022079467773,0
rJBhkkzNDkQ,0.30445051193237305,0
CISeEFTsgDA,0.3375484347343445,0
YNZQ70nSycY,0.17964337766170502,0
lQLzQsYH7z8,0.2614399790763855,0
U_u91SjrEOE,0.29806286096572876,0
pMdJxVjZMRI,0.3123430609703064,0
cHylAeteEyI,0.2744895815849304,0
odhUPMYXpX4,0.3100920021533966,0
6-Y14rMfnMI,0.24353699386119843,0
WcOhPXnAi04,0.27812618017196655,0
XcorLEso5J8,0.2290576547384262,0
f9573kGBtuE,0.30340781807899475,0
CaFVx5sSCVE,0.2628641128540039,0
JQBH1PGIVc4,0.2863258123397827,0
rniYjUoNbOU,0.38518378138542175,0
2lvRv2mnYLU,0.19634072482585907,0
igmUnkx0fBw,0.38058793544769287,0
v6rKIGxAz7c,0.3123464286327362,0
e8D6Nhrhsxs,0.2126636505126953,0
jXGBQLSvqYQ,0.29581576585769653,0
lqbZAYlGfKs,0.2295455038547516,0
vMhk-Tt1tXU,0.2881386876106262,0
x9RPJgLL1zg,0.22463122010231018,0
-gxp_FbFl0I,0.17952154576778412,0
vhns82LvKgE,0.33482757210731506,0
hRwcYKZ2YzU,0.34625452756881714,0
lJLtYdNeAZg,0.2233046591281891,0
yqD_a00kY_g,0.2691482901573181,0
zIeCUbesx7c,0.2268860936164856,0
FsThr4wk-6k,0.21635305881500244,0
xkGohExO9oc,0.25390398502349854,0
1aED098mH_Y,0.36598095297813416,0
LVNAd-TmjM4,0.25709301233291626,0
w6Q3mHyzn78,0.24482373893260956,0
bpyrnAg6uVA,0.27908074855804443,0
tkgilcMbbjA,0.25970128178596497,0
MKPJLPy6N4o,0.38512933254241943,0
9aAb2H2IVbA,0.28254833817481995,0
XUTt_nxXOwY,0.24575217068195343,0
_cdlFd5-04E,0.349915474653244,0
sp45-dQvqPo,0.259934663772583,0
LJaicOI7mwg,0.33248192071914673,0
9wu2328g_6A,0.27397602796554565,0
WDMOsXn5XPk,0.2928033173084259,0
FpCiWjDNLjA,0.2787940502166748,0
yEl-9rYlB3o,0.2944127321243286,0
E1n_JXSPomg,0.290353000164032,0
bTvTIiX6_6U,0.3560861647129059,0
0My8YdNHr78,0.2848556935787201,0
kGtHPEqmmN4,0.3314923346042633,0
5rjtKMcvqwA,0.32954585552215576,0
OVADZrhZF1E,0.33658289909362793,0
DaB_aqdDWUw,0.2878776788711548,0
gk-ciEQSQUM,0.25210922956466675,0
slLhvr4mlUI,0.31796780228614807,0
PmFnTrb1KRo,0.252601683139801,0
VMZkPe15SuE,0.2306533008813858,0
P-0PB4cbtDc,0.3097535967826843,0
tZNBy-BdM2A,0.35432347655296326,0
qiiWdTz_MNc,0.3375014662742615,0
z1PUP2JpKBI,0.2820233106613159,0
Xz3EpLD_zlA,0.3288983404636383,0
dFlybZL1mWE,0.2957211136817932,0
CF9dFpGS7yY,0.28793832659721375,0
HiIpk3kSHf4,0.28786221146583557,0
xoUZD1UH_uY,0.2326699197292328,0
5wo3h2VUsz4,0.26986634731292725,0
puaX01Ur5oA,0.28744035959243774,0
Xejs4gGUpjE,0.26305684447288513,0
zy9IFt2NU28,0.3231721520423889,0
bPFR1AqtgLQ,0.27860644459724426,0
yCdOya5knaI,0.3209410309791565,0
k4Bl4TXEm1w,0.29826733469963074,0
fl0x9Swgfgw,0.29427164793014526,0
rOqUiXhECos,0.3358968496322632,0
bHyG-ecqP94,0.27608606219291687,0
wo1HIH7KIlw,0.2393520474433899,0
z6_5ltyASKA,0.22959966957569122,0
ClQsovu57Xs,0.2834761142730713,0
IGEM-rZRD90,0.31558796763420105,0
5Yo-OQlJzlc,0.3085521459579468,0
Y5G9m7wnGsA,0.3202158808708191,0
1ZKpQ_2TGoI,0.2320128083229065,0
QwiX2bRrkXg,0.2755545675754547,0
3RifdP_RIpM,0.29732394218444824,0
vKYoStzwcR0,0.2524412274360657,0
KHfP3InQc94,0.2602205276489258,0
rej2Ts_TpwQ,0.24193640053272247,0
V2-wFDGTKUo,0.3394603729248047,0
Dt11Y3gcvjY,0.34602153301239014,0
B1QJpHKC1Jw,0.2974592447280884,0
s3X2vSCcDUM,0.3306480050086975,0
8cWBdEowJPw,0.24666252732276917,0
UnIZ_GXP5m4,0.28645023703575134,0
OyZpZQoV4do,0.33372485637664795,0
_9Z03xQ2b8c,0.3357312083244324,0
xq63gZyTP7c,0.2714553773403168,0
xUY_ymL-V4w,0.18843123316764832,0
KnIerxYbr4Q,0.35492056608200073,0
WIUzrqSZX9M,0.3208511471748352,0
JiUH6LiuMPk,0.2490163892507553,0
dzY-XIdiZ8g,0.2632172405719757,0
f_AyjjBAV8c,0.2955371141433716,0
_raEUMLL-ZI,0.2310766875743866,0
Mo-IUlmxOpk,0.2675704061985016,0
6VWQoCNiJK4,0.2737768888473511,0
kOYy8iCfIJ4,0.30563387274742126,0
xiB7u8-qRXE,0.2674694061279297,0
ksTGa6Z4gLg,0.2474237084388733,0
gAxotzIS7ds,0.2732616662979126,0
FF6PcHQ6jHk,0.2886336147785187,0
eyFKQElz25o,0.35066676139831543,0
H6oDVH1L4jc,0.3745134472846985,0
yjmp8CoZBIo,0.25386613607406616,0
Q4kF0lRzGnI,0.31350821256637573,0
gO_KyTtJg10,0.28382906317710876,0
_mzeHkQnQrc,0.32777366042137146,0
bTMJwZNMXJ0,0.29507976770401,0
xHxsVRM-pS8,0.338600218296051,0
1Xt9MXXTtgo,0.21637289226055145,0
96kZPzCUa5Y,0.27225539088249207,0
VYWZVm6LjMI,0.21368969976902008,0
s0KtWNhB1Fk,0.2244270294904709,0
0iIPe9XrpcM,0.31448236107826233,0
VDJlWuxMnjg,0.322158545255661,0
BFvsKSeeahc,0.2866782546043396,0
0S6vQgQhJt0,0.23493073880672455,0
k_rNaqV8B1c,0.23459289968013763,0
CSOQ_KizIP8,0.24404922127723694,0
XCIkeoO5re4,0.30681782960891724,0
fZLLqapzxRQ,0.27975308895111084,0
rp0cG2KP_lA,0.2756035327911377,0
oZlYPyJuMM8,0.3787277042865753,0
fF6gExZu-2M,0.2539706826210022,0
_mDmGaaPhTQ,0.28281736373901367,0
gGhO1gaz-bU,0.28156203031539917,0
MdLcP8dJls4,0.32874226570129395,0
2ZLmRi64a-U,0.34747350215911865,0
nRS7Mf1QaZ0,0.3487262427806854,0
jxMYcIZstCk,0.18775609135627747,0
hTkdr-GwQu0,0.28512129187583923,0
qmmmQpkUyFo,0.23093099892139435,0
d41A2ENfqjw,0.19656270742416382,0
y4vO9EVKZoM,0.43192243576049805,0
XGYT6RaFX6w,0.30170682072639465,0
ZU8Xl04-ZIE,0.3297898769378662,0
vFZG8oWA2vw,0.26778486371040344,0
J1rD63L3d0M,0.22096723318099976,0
wb6zZfakPJ0,0.28224509954452515,0
Ila2XMCBF3Q,0.28657108545303345,0
2_S8-0UfkUA,0.34121397137641907,0
MkkLOLXLLpY,0.3520040810108185,0
LXY_HIU9CwQ,0.25304675102233887,0
ExFOYMV0Oj0,0.2585337460041046,0
BKX6EhDrgqQ,0.2871168255805969,0
ckbfS99N6jY,0.3434928059577942,0
YSLk4WziVmM,0.28209516406059265,0
k5tLrVAYeVw,0.37035632133483887,0
jmhLmUc6WVI,0.32750579714775085,0
wD2cVhC-63I,0.30127859115600586,0
BJG2xmvl8Bs,0.229993999004364,0
4CcBKY1eCTM,0.31335026025772095,0
wp4YZdSz2aA,0.34894394874572754,0
ZSAoETxubSI,0.31111279129981995,0
q_2v0drKUCc,0.3106015622615814,0
_3MbDncHpfo,0.2409907579421997,0
jGO5lFxQPHA,0.3648778796195984,0
ajavsMbCapY,0.34738314151763916,0
LY8L6C7tsx8,0.30026403069496155,0
W3QtP1hLBcQ,0.3235332667827606,0
CPU1P38nTkY,0.29271113872528076,0
