video_id,incongruence_score
lepHJI4ze-w,0.3155391216278076
ezwXAlJ5pAY,0.3831311464309692
i6_OomloWUg,0.390801191329956
VvuuR7HifUY,0.2391420006752014
uwIjrEbywnk,0.2838443517684936
RLkdkdQI-ZU,0.4396989345550537
7g9xcCMdwns,0.3721473813056946
rSXyLqvlUA0,0.2772723436355591
yjex6KjvJ4M,0.312150776386261
XGPex66EyTU,0.2488797903060913
Ls5yMv96vXo,0.3477822542190552
6E7nxP3iD4c,0.3393727540969848
IGS04NYSG0c,0.2650433182716369
fAbrKxrq9pw,0.2770241498947143
dqYOg04QwfI,0.2872738242149353
SToocHIhCN4,0.2857521772384643
t5mjLoStmFU,0.3095070719718933
kKj0yzRyOpg,0.2719414234161377
aVkG59wJKec,0.4153754115104675
mHddP1CDTQ0,0.4297544956207275
iV1kP5ERQvE,0.3813766837120056
h2pe4zpWXT4,0.2716888189315796
Y4id5tlTYsY,0.2561310529708862
Lra2N5CsyDA,0.2888122200965881
7Tuhg0tyzT4,0.2431764006614685
-V1Z5tJzktY,0.2415623664855957
eVvjsXjeiB4,0.2444187402725219
4KjapCzpWQg,0.2552093267440796
Q19ddpjmbwY,0.3288435935974121
81v7fgp3Two,0.2509373426437378
rah4QI41Lgg,0.2680346965789795
efXOrthfd2U,0.2407376766204834
kNZpnFo20Sk,0.2675747871398926
MVjD3CVlRDs,0.4834595322608948
SH8SDdxstco,0.327357530593872
HXDLxqSh52M,0.2667580842971802
uKpEcfPjy1I,0.4276881814002991
-zAUGYmJaEI,0.4473199844360351
swadfg2DtYo,0.2481235265731811
n32O01tUyvo,0.2723206281661987
qUL0EyCRAgM,0.3341877460479736
dik8ItxhfgE,0.4108373522758484
KWGE8_7Cj7Q,0.3775821924209595
OX5d5IaoDn4,0.3453316688537597
buvIEPekwoc,0.2706677913665771
WFIKtJ3nXyQ,0.3934534788131714
EWzj9rErGQI,0.336664080619812
jPvt-ap8Jbc,0.257300317287445
WA0BqYkg21w,0.350472629070282
DtYACSW-QHA,0.4057732820510864
mpedtsJBHgw,0.2238081097602844
FmRdmBKmJd4,0.2829843759536743
jUpknoy-DKc,0.3321714401245117
6ujHuYFkaHY,0.406031847000122
EMOz-wmMG-4,0.3305866718292236
MnGCjmcUp6c,0.3685340285301208
75QGZqOZxfg,0.2908105850219726
EO4FPY0TtXw,0.2498033046722412
fsWXfXrLG6w,0.3266761302947998
fDANmSPL4Js,0.2358663082122802
2Juw9LKRMNo,0.2377845048904419
r1ExfbrDaXk,0.2188519239425659
_z8RDEOeSl4,0.2674338221549988
-z45Vd9slWw,0.2868410944938659
gMwFf1euJ0E,0.2436262369155883
6IL555Cfvug,0.2230234146118164
x4fF7lMFdiQ,0.3021259307861328
X-88Rn8JRHs,0.3826427459716797
eiKNcRAyAEE,0.1934503316879272
DJxP_R_6d4E,0.4209279417991638
UYFXDUGsZmk,0.376129150390625
lWE0fXAVFXM,0.4423806667327881
ssu3MJkD5tk,0.4376005530357361
2_nA-sz7pyk,0.3550404906272888
HMbDPgINfto,0.4390894174575805
tJyXy7qQvGw,0.3880782127380371
bIiG-Y-BCNU,0.4364744424819946
oBtOZlaBNEc,0.2835114598274231
3Xl9OVjFK6c,0.406692624092102
Al3WyMnwTpE,0.5260213911533356
pwZhv4YYFg0,0.5003575682640076
xSQ8cZE27-Y,0.2257212400436401
H9OiyUQiJpw,0.2441574335098266
ZdzvGvPurRo,0.2704246044158935
GphDte8cJJ0,0.4344688653945923
I2hCNwZ7Jbw,0.287927508354187
bBj8H3EnTAM,0.3156396150588989
RvJP7JbMW9I,0.2380080223083496
31pKxRdgAgQ,0.2229832410812378
okqEpX07e3g,0.3096204400062561
hc42BgAB9Jg,0.2829603552818298
bJ5PTkdH-20,0.2515779733657837
4CF3uZV0RJU,0.2606317400932312
zghRo5NMvZE,0.2754113674163818
gt_jiSsQQno,0.2649334669113159
Pv0iVoSZzN8,0.3232625722885132
2_nCluvm-9A,0.2404640913009643
h8poH5sn1eQ,0.193619430065155
y4zpJOW8OSI,0.4161556959152221
0k1SPmGrFoU,0.3867648839950561
QJppvse1ZVU,0.2049752473831176
lp_26Ec4I1I,0.2425918579101562
6bj6DHKGtTE,0.2705435156822204
eC0dUSDgUgk,0.2273303866386413
Bf6iV3Wtl4I,0.2558090686798095
l4QAMRJPBI0,0.2175805568695068
7JZCmVjBAEg,0.3084496855735779
hQdgdvC4_2s,0.31862872838974
EtSLD5jtZKA,0.2635051608085632
HiUjyvW5gX4,0.3012646436691284
qL3dj-KRAys,0.235848069190979
sDpdv-SRlaE,0.294275164604187
23svmUzGXI4,0.2292037606239318
NniHBZVshyY,0.2633349895477295
Q5-SbEYDO34,0.2585965394973755
iNsWjYpXOzw,0.2274246215820312
XNiVcuJoBgQ,0.303567886352539
RXsnOeKRMWA,0.2773289680480957
T5CiiQaWUag,0.2752226591110229
MVy5RKojkeg,0.2893530130386352
O9uthfOIejE,0.1971429586410522
odMRrTkobOQ,0.2910428047180176
aRUinTY9odw,0.275088906288147
MLziFdIHp2U,0.2582462430000305
dTnzxIJMWu4,0.2687127590179443
ysAcIS4eiZo,0.3287111520767212
clLom3M4hnQ,0.2903630137443542
V8aSo2sQ13E,0.3728220462799072
3awRSNFHV1s,0.2602958679199219
8vXabW4z3yY,0.2515432834625244
JCAzRtrM4dE,0.3450708985328674
4988AkcIooE,0.311431348323822
i96Tc2HjSXU,0.2855377793312073
ErXhQGf4ijU,0.2556267380714416
J-x4ia69YEQ,0.279983639717102
L_q-2Ov2Gnw,0.2698652744293213
Tw8fBZt66P0,0.3080865740776062
YaY5V9TCO0A,0.2843724489212036
ut-1yFa6WYo,0.3014755249023437
Fonk0QN6JSw,0.26764577627182
hivKxdUky0I,0.2482884526252746
2jb1CBqFE1A,0.3175307512283325
PxY5bAB9-gk,0.3000399470329284
qQ6YsKRX6cE,0.2558102011680603
L85TZYbbqJE,0.2955501079559326
MY46FJ-6OIU,0.2786532044410705
VAU3omfnemA,0.2457546591758728
K-vFXJfCes8,0.2201074361801147
gS8vaaq99sU,0.2696098089218139
uBg_ssHE05M,0.2531614303588867
Va82x6Rl0UE,0.2481683492660522
5iGwuh0MoRc,0.2748168706893921
7imL79i3xGg,0.2407546043395996
xlPQvVJf6tM,0.2562016248703003
I9FmEwJocRw,0.2603961229324341
ucYapk8sf-o,0.2352815866470337
dsx_-cG4QAo,0.2625739574432373
Evy4iMkIBek,0.2505450248718261
7tiWinlNTvU,0.2523696422576904
JajSdaNFfic,0.2342984676361084
qMpUX0q64J4,0.2236534357070922
Lt_AZDkzbxc,0.2789455652236938
cEW9FN8ku3k,0.2630027532577514
HQigNm2tPNU,0.306451141834259
4N_ZVPVLlc0,0.3002083301544189
o7qPt6O_CXM,0.2341684699058532
yhEovTipDDI,0.2745202779769897
AHUA01NAlVQ,0.2654938697814941
nhFkzrA05-w,0.2524281740188598
CLuxJFKTn28,0.3169639110565185
d2vPntIrut8,0.2788896560668945
0MsORGZfeK0,0.308346688747406
lQ9PhJWeBGs,0.2553369998931885
oVQ3YyvtNOA,0.3325704932212829
_mvPu1URo0A,0.2659061551094055
OTO52ioghfA,0.417197585105896
lrh_p4Xfbpk,0.3183882236480713
ZmcaOfjLauI,0.3098452091217041
pTKWuGTkISc,0.2837873697280884
7PCgHh4tCow,0.3130973577499389
BVR97GfGVCc,0.21608567237854
AVgcrgEgG5U,0.3120333552360534
3ujQVQxpYKA,0.2736514806747436
eYASKzbw-9A,0.3238135576248169
xH00dGYaxZk,0.2385374307632446
ZY6MjMNdCTw,0.2436088323593139
SMWvTzie_DA,0.2893648147583008
BRu17osgEoo,0.3474708795547485
tYeuSU2m4DQ,0.3605164885520935
2rtHT0jlT2M,0.3320775628089905
ZNIECWN-_gE,0.3432837724685669
PYpkOI2W_kE,0.3759355545043945
PKtNvlRDq6U,0.3734801411628723
X70IFsHWclU,0.3655611872673034
aBg_TatKt5g,0.3998152017593384
0GTiwWHYMlQ,0.4076548814773559
yL7rpPPXTSI,0.3439249992370605
Jeb0d18y08M,0.3391634225845337
By336LXE41g,0.2791990041732788
SYdXwo-Oq0E,0.299748420715332
wvDgf34smJA,0.2818094491958618
ctn_4QKc6g0,0.2833827137947082
QPC2hMWY7BA,0.4196264743804931
omVMxK9wN_I,0.390211284160614
gmlxelUTGfo,0.3470155000686645
o6DDXrPZqi8,0.2927573919296264
5teThcYJ7w4,0.2406352758407592
TMB7TC4kyNk,0.4769919514656067
Wy2z77VxUY0,0.4188183546066284
Bf6I34Mzpio,0.4291957020759582
8KzqSSwQ2cw,0.3820126056671142
pT30yCDx760,0.3530600666999817
TR85vVWguxs,0.3318646550178528
Ba6-6KmB3CQ,0.3104225993156433
FmKpjhi6ZYQ,0.2687923908233642
RgOA37xgYcc,0.268145740032196
JMAnkCd3PAY,0.3004730939865112
WLuRkeo_9vM,0.2980170845985412
DCDfvNPbAeg,0.2519453763961792
yZirLwxPK-I,0.3039034008979797
bbla8uN33R0,0.269656240940094
iKz0atbJ86o,0.3217713236808777
Vvbh6vlkIa0,0.2117096781730651
UwQtaXpeqS8,0.3323919773101806
olN3WXK9iaA,0.3043700456619262
sT9n7awOQPw,0.2719291448593139
j8kpcFHY_VU,0.2940613031387329
EraHxd4612o,0.6202484965324402
SETOIlJhIWk,0.479904294013977
7JRQ4l7eXVw,0.2233272194862365
F26ZYA4_CwU,0.4749141931533813
VtiviDjIOVM,0.5918399691581726
pf9agV_I0m4,0.6498540043830872
O_DWucZwtfA,0.5113430321216583
iHKLCzLYt-Q,0.2551426887512207
ItoSYiCOzFg,0.3993476033210754
gGwd5mBTruU,0.2910698056221008
VquZwveRmrY,0.2957342267036438
JXV8EzW0pwU,0.2740985155105591
7H86fq4ZEPw,0.2842187881469726
w6JNfm1ALw4,0.2779203653335571
sSuLkeK0Cv0,0.2691000699996948
PviCek989QE,0.3164342641830444
to2wIB4KJTs,0.2777397632598877
io-lw-yDKzY,0.3511767387390136
k9VKLB_if0Q,0.2994822263717651
6lzd_lA5Pp8,0.3481112718582153
aJ7XoeB8TME,0.3488249778747558
ciVSCgt2QEg,0.3359131217002868
bjLHKWdzbtI,0.2305607199668884
0Kyym9Yu5w0,0.3354214429855346
8WgmjTwqtKY,0.2571262121200561
T1hea-cf7B4,0.2961294651031494
Jm9PbZO8xXQ,0.3116922378540039
Juu9vc2oqHM,0.385219931602478
2l6wYBV94Gw,0.2076578140258789
rKNoyR36i34,0.2262661457061767
YUfaIIh3pRM,0.333307683467865
g5sdPcModvQ,0.3179351687431335
DEYS90OC1FA,0.2471107244491577
zyTqElwSG5w,0.2900558710098266
ppr6cZI64DY,0.2721999883651733
hIv5AC_8zak,0.2339708805084228
_ekg01ZNRIg,0.2726484537124634
FXp4hETJkvY,0.2981279492378235
7EP6EpFyIJY,0.2438987493515014
pBd14qS4Ims,0.3203361630439758
AqLMQY2nKpI,0.2225314378738403
I2A1tz9ftz4,0.255545973777771
dMjK6BbLmqE,0.2471640110015869
zTgyKfzXa8U,0.3340092301368713
T0nydcH2B9Y,0.3021126985549927
a6cXhflwfW0,0.2500039339065552
mw_QXmsCN8I,0.2389296293258667
I_3dlerKYDE,0.2478205561637878
M_3STI_4bKM,0.2943606972694397
OcJM2UmgF5o,0.2855767011642456
9uoGxne4W54,0.3544862866401672
MyPeH4mo9mw,0.239069402217865
-OHejAhnDwA,0.2271438837051391
2PbNHVe5FYo,0.322627305984497
7M3SgJhNlyo,0.2936069965362549
lDjR8yD3Obs,0.3527361154556274
1jj8tny5qVk,0.2943901419639587
rvl6qhBGHAY,0.2973126173019409
c7UtiZEiYKg,0.2544347047805786
iEy1L0d3F4c,0.2387313842773437
nzBcpzsxjQM,0.303954541683197
vDgrnx_nkhI,0.3143129348754883
zeyQOw7mIhc,0.251066505908966
LOfDW_96yV0,0.2662248611450195
KajQuUrDTj8,0.2774438858032226
iGQjn_cDBdA,0.232826828956604
8wld_fYnqZc,0.2618907690048218
riJTgStqyw0,0.2890446186065674
kwuIWZ9wRmw,0.2804535627365112
AsFQ3Oe3hYQ,0.2665486335754394
dW8J7_l8INY,0.3366087675094604
sUOziK6nCBA,0.2439948320388794
WEPK_mubM5w,0.2715460062026977
fleUyiUmedQ,0.2982054948806762
Gm5RSJ3WG7I,0.2726532816886902
XQmcH1yTbrA,0.2477858662605285
Sf5yOKjxggA,0.4084150195121765
uGBjK8Cu8H4,0.2830802202224731
6JxkR5zYgSU,0.2504902482032776
WHjITn_bFuM,0.5614888072013855
G6K1krqHoHk,0.4819101095199585
2nmcEH8UApk,0.4345901012420654
02neZSqtBfU,0.2517040967941284
53q2qMvJjxQ,0.2615331411361694
mOK8otJIo9k,0.301105260848999
WPQQ49r_pm4,0.2994899749755859
Q-uTVBm5MNc,0.2780189514160156
BVOb8SDQhG8,0.2585265636444092
lHriHbKaS0A,0.2226059436798095
W-7TaAGww5g,0.2733420729637146
EYpo1TSCMhI,0.339801549911499
cDMn8Liz7OM,0.3459858894348144
ukSzjIbZDSo,0.3871896266937256
LPi1OxQUTHc,0.3394168019294739
odzwAhiXxmE,0.4158974885940552
bOMn4tNS60w,0.2719380855560303
1V1ZvMTFDvs,0.2917045354843139
bJDp_ZVQcRo,0.213940143585205
FyJcI4UkAzs,0.3632549047470093
_Oc-eGRhcb4,0.4041017889976501
iSb_fyChqLE,0.3246904611587524
88KPADTPPAo,0.321322500705719
nLR3prTKSGE,0.2514994144439697
dainpKoDlAE,0.2617260217666626
KItFw-9zqQQ,0.3217872381210327
fcgWYglHQZw,0.2817726731300354
6P4jcvfqTto,0.3104360103607178
TfEiBfYXV_U,0.2593950629234314
EPUa9a6cuU4,0.2502593398094177
fPuNpS9fPDo,0.2776508331298828
87acdtXVXv4,0.2908787727355957
aF3ufeW7zXM,0.2567550539970398
8ItvSeKbPUo,0.2247189283370971
pH-TgdOqB9E,0.2409898042678833
kmAWR8an6Fk,0.2498420476913452
UuAhXrHAfZg,0.2736214399337768
ayKcck441n8,0.2856075763702392
eZ_u6fIPzb4,0.2681276798248291
hfCTA7K22is,0.2556492686271667
unQWa4i14rg,0.2488672733306884
8RmzZgU-cyw,0.2867938280105591
CAI02Pr3Iyg,0.2440067529678344
5-Gb15B9uEY,0.3037273287773132
cb0lFDYYd2U,0.2764516472816467
BGKRDmmH1WM,0.262279748916626
3wKm3087UHs,0.317356526851654
_YPdLDYqQJ4,0.3970255851745605
JfYEmhHkCZQ,0.2970359325408935
UdSh3OhXetE,0.3107823133468628
QSW2uW9eFn4,0.2026261091232299
39jpghte1rw,0.3075752258300781
ziJtUt85C2I,0.3181499242782593
2Cejd94HqPY,0.2952252626419067
G-Gv94bQaS0,0.2311197519302368
sGxw7ipTrq8,0.3409619331359863
iwFuKsHAnK0,0.2983877658843994
WhrekQumlKY,0.2304495573043823
VTH0XgZ6pto,0.2980351448059082
RxhDx1gpoeo,0.2645755410194397
3zrLm_N2tnU,0.287150502204895
LtOya4_iND0,0.2664079666137695
U5oS6yi2g-w,0.3447644114494324
UsKGD8dQBYw,0.2436181306838989
LtC4I9tKVMs,0.5713966488838196
6ByB00sweDk,0.2482905387878418
04OAZ-NBXkk,0.2227617502212524
R-B7QleMbiY,0.3178365230560303
2dnEJXQYYJw,0.1895733475685119
ir3oHaaX5lY,0.2877284288406372
9AH-yS5En6U,0.2270650863647461
g1Elknq92tc,0.213621973991394
f5o7_wPmuiE,0.2478384971618652
jXI8hC134KA,0.3857324719429016
G0cF0fZgkDo,0.3460375070571899
fiCxNpM6mRk,0.2878927588462829
Dpc4-UBCUP4,0.3184711933135986
7N70RcxxKsk,0.2667567729949951
oN0iK-cClQI,0.2707515954971313
Tb6dciVa1T0,0.2423800826072693
q5r-PPu1GzU,0.3334362506866455
oODreucZqmM,0.2794057130813598
tn79OFbPwKE,0.2628217935562134
roUuy1xjits,0.2948883771896362
eXRrwA-Szwg,0.3143720626831054
bABseBbIiFk,0.3059200048446655
KvIl8mjMTsE,0.3285319805145263
4Iui1yDgusI,0.2670655250549316
n5Op1CIdg4Y,0.2887721657752991
YL4neojI7Ic,0.213974118232727
mKdjycj-7eE,0.2441682815551757
TQHEJj68Jew,0.3083167672157287
dXmWjV1eAXQ,0.2467612028121948
zySUlGXbXvA,0.27356618642807
P8gXGWH49ao,0.2480272650718689
6iKJZqDSPGc,0.223588764667511
LnVfvz_CJ1o,0.2897015213966369
XxMmWxwt14M,0.299649715423584
OpOvMwkGL18,0.2611343264579773
4PaqJhHM9-s,0.3281042575836181
25N0R1KnXVs,0.2258908748626709
t9GPp1DM6fI,0.2341684699058532
CSvPE21Seu4,0.2382120490074157
HsLg6lCCaLg,0.3127703666687011
SKQTtsGOT7M,0.219151496887207
BSzEGDBPMP4,0.1984331607818603
W2U04onq8nM,0.1869729161262512
bqh-xl0LizI,0.2651928663253784
ofk19swh308,0.1402333378791809
oldqHR9a0m8,0.2666099667549133
OA70XIR6_iA,0.2100764513015747
29CQXaRTgWI,0.2282642126083374
olVaEmdkZ8Y,0.2768788337707519
rOBW4YgXI_s,0.2331858873367309
8eS8sdVcBRc,0.2653734087944031
S6YpCE3UKIw,0.2570326924324035
Poy2yxHPWa4,0.253507137298584
9z-RJ6kfSU0,0.2308688163757324
ES0QlfPUSto,0.2452259063720703
RBD7PFRNbI4,0.2595222592353821
1T7qhD-xXTc,0.2888686656951904
y8p4ouCwoD0,0.2901486754417419
0y0DmVgmqDk,0.3097873330116272
4U_iO57xJUE,0.2867888808250427
k7RK2eSFYxs,0.2970188856124878
xcukC48nKv8,0.3043258786201477
i3LjOamW9Ow,0.3247154355049133
sIPP_MzDTJ0,0.2966551780700683
D0OV3sHxCG0,0.2979422211647033
jH39rXAhGJE,0.3146475553512573
akVu63nu00o,0.3140716552734375
tHDkvYdRXiI,0.3258159160614013
XPyIV8gqSJk,0.311644434928894
LBzR-Wb5wR4,0.2920088768005371
yH7fyriQYvk,0.3208938241004944
kX7iSbnwYfE,0.2954182624816894
561BRxPJetA,0.3357847332954407
1I6HmFqzH00,0.2553014755249023
T7B4gDpqGxw,0.1951956748962402
1XDiceNg6lI,0.2845115661621094
n1bvzFEZ3fo,0.2126798033714294
MXxqSySSQ28,0.2868471145629883
IM-X5XCg1Yk,0.2896355986595154
xnY7rdNUNZA,0.2874138951301574
xgmiY13DC5E,0.2462508082389831
dbX-Bby7xW8,0.2825264930725097
YLSnD7BWmhE,0.3493524193763733
TEKNcxnHuA8,0.2605183124542236
yznsqlv1VzA,0.2729697823524475
hXUQEryyeXc,0.4334139823913574
e_6y9D7bABc,0.2584550380706787
rN72YawVVCY,0.2509956359863281
C7T9l67T5AM,0.2887566089630127
P8okz_7vDg0,0.2718345522880554
HFa8Cc243zE,0.2517392635345459
NpdZjIAxuj0,0.2468135356903076
gAy4GA-fjMU,0.2516677975654602
2Zynpi4ca28,0.2581473588943481
6BlcZ3u03h4,0.2699885368347168
_TUgfQQSPtM,0.2864630818367004
EantKtuyVRM,0.3184356689453125
OgxyySvmYtQ,0.2755520343780517
KodcXebVNic,0.2332736849784851
zO5FutVc1dA,0.2414777874946594
h4aHgKxnrNM,0.2546628713607788
Ub6kFCsTvL8,0.257181704044342
HV9z9w6CxvM,0.2819098234176636
l9g-S0gMQT0,0.3005170226097107
5ZVj4rGCRV4,0.3210735917091369
jaVam_vwFVU,0.235705018043518
rRdPGfX7DQM,0.2849436998367309
SctTrHZ0X0g,0.2613036632537842
XiJgmOglOsY,0.2417514324188232
X4BM8eRNNdY,0.2706366777420044
yC6duKkhPAY,0.2600513696670532
oio9PFU-KDI,0.3393614292144775
ayf-Zc0c9wU,0.2675965428352356
0mvCw-kAv98,0.2517944574356079
rRc1AmRvafE,0.1949445009231567
QWuXUVlmTO8,0.2635242342948913
STtLRNGMa10,0.2407801151275634
705gE03_EUk,0.2471444606781005
3rik2AbRYtc,0.2402708530426025
AZ71NT3l2ec,0.2155696153640747
jGA-o6dn9gk,0.2184171080589294
bSJTZmmCWQc,0.2220758199691772
i9zIN8YqBvc,0.2075812816619873
Xt5CgwkOT38,0.2582362294197082
ZIx2mck0jcU,0.2133967876434326
IBlJ_0dMypM,0.2462286353111267
JlaYy7uN-aI,0.2391021251678466
MvOoRbwC5io,0.2628325223922729
_3OKNtUtmuw,0.2526342272758484
vfC4M1IBGok,0.2698320150375366
GLErBKAQlU8,0.2535852789878845
wci_QGi6ZHI,0.2304465770721435
4Z-90dBlxM0,0.2247945070266723
gFPN7l8XTJQ,0.264548659324646
I0-gTSPfEqc,0.2201422452926635
PES1R3KT7TY,0.3055726289749145
tRIfyjgntSA,0.2518073320388794
y1dL0KgKMPo,0.2477501630783081
sJNe8xkV7eA,0.293268620967865
RSyf7l9WU0I,0.2763593196868896
ghCwGHDhD_o,0.2164335250854492
hy8tSHLRGt8,0.2620748281478882
40v4Qc-ELx4,0.2492022514343261
1c-0LNS11Lk,0.1831264495849609
v-Two4Z-u5s,0.2269576787948608
KA8WjgM5Gp4,0.2464486360549926
xovCsye3VJs,0.2582980394363403
dlotjOnJ1mo,0.2687796354293823
NXe_oV5f5DQ,0.2462571859359741
TmCLkPRSKws,0.1916423439979553
cUX3wQym7mQ,0.2682064771652221
40HD4g2PSy0,0.2254765629768371
7NzPMgM3V8M,0.2505249977111816
Y4uTw3NUxYE,0.2478774785995483
Knpq7aGFlhI,0.250201404094696
jIvgzOejsT8,0.2359666228294372
OZWROTl1apQ,0.2365776300430297
hsuB3wkSQAA,0.2673040628433227
41X-FsUJ82I,0.2004505395889282
7Dfm_dEcaCA,0.2223893404006958
hxAt3Njp80k,0.2055693864822387
fYLGb7R0lQg,0.2239165306091308
5kuOMqm87Vw,0.2270338535308838
jV4UBKqxnH0,0.2296466827392578
fjCuo7J8GJo,0.2346377968788147
gvGuAFYCk0s,0.235832929611206
vgnMn5VM0YY,0.2365452051162719
8dIUX3H1zVA,0.258683979511261
YRNiaxSDUzI,0.264989972114563
jCtJpzIKre8,0.2760523557662964
4wpyqd-9EKk,0.2379738092422485
BLgtUKaznTs,0.2510241270065307
2Ci82u5RTCI,0.2358750104904174
3rRbJAVW0IA,0.2704205513000488
RO6xdATAux0,0.2536269426345825
kyBD1Y8AbS8,0.2912473678588867
znq_KaV1fdg,0.219365119934082
5dZcMzfGVpM,0.2392349243164062
o6tKtZbtMBI,0.2643351554870605
POXPylU2WkA,0.3327951431274414
9x_h9DiA5vY,0.3366053700447082
QDHU6_6WCPA,0.3155186176300049
Mzoo3FY5H9c,0.3061512112617492
KjwOYQwUzGQ,0.379375159740448
WgJufB10xu0,0.3539586663246155
blSBrCU9bkY,0.3417345285415649
peX2_vLCsV4,0.3044341206550598
JlHt9pEJvGw,0.2499400377273559
YQ5j43wKGZY,0.2406250238418579
-xgS3i3N2qU,0.2293740510940551
m7WpmpenK6s,0.2634177207946777
MG2eU0kMX64,0.3022674322128296
BBEFdClXkoA,0.2202884554862976
dpFHkvB9euc,0.2571997046470642
6HwYbSAqEn8,0.2462027072906494
uaUj_uSSSaM,0.253588318824768
a9mvxtKgP4s,0.2951573729515075
hphlFlAfM6I,0.2396914958953857
AiJeLPzfu4M,0.1813353300094604
UGAevXcg_WQ,0.3526195287704468
iyzEB1D7F4g,0.2968185544013977
setVhhcYEbU,0.3653620481491089
m1uaK-4vg6E,0.2830137610435486
mKgPGOa4CUQ,0.3013356924057007
uUt978D_4Vg,0.2845326066017151
ZecxFFqj6Dk,0.3038744926452636
t_4jM5vod2A,0.2850956916809082
-RYyTgWNlIw,0.3270403146743774
OClHVaZnx0c,0.2789565324783325
_ShVkz3kYUI,0.3140519857406616
_W5Jd-YtMjE,0.2599906921386719
-y0nld4Yv40,0.3950264453887939
0oZM27yfnjM,0.2847211956977844
1XbDoj1aOrM,0.2450331449508667
1cL9CRS5n28,0.3109868764877319
1wj3Ba6-dzg,0.3385238647460937
1zKz9s9D7dU,0.3548946380615234
2DAnEEduSkY,0.3193777799606323
2jRQG3l9I_I,0.2325755357742309
3PjFBowJV6E,0.2202043533325195
3g_uG81OjNQ,0.370812177658081
4Ysfya6XYjk,0.2806921601295471
5G3CbYVzw6M,0.2794169187545776
5ZO5_CfTMoc,0.2789995670318603
5ZX_eypUHns,0.2634133100509643
5atRcJCTD5s,0.2560134530067444
7NBGJu5BKcY,0.2362971305847168
7Y0MFQNQYsY,0.3260354995727539
7dbZUuSqJDs,0.300347089767456
7jZ7-kFWAQY,0.2773064970970154
08jhf7tSmmQ,0.3220793008804321
9PNpRQYMhas,0.2658833265304565
36hOAcUWEiM,0.227071464061737
76qnNkZ6-bA,0.2744379043579101
92bGRcDLs38,0.2193557620048523
489M-IfTT4M,0.3163174390792846
945lkzMIZWU,0.2350957989692688
AfOfPUyY5mA,0.3855994939804077
AmFHamyaCHY,0.2995829582214355
at9qQUJj-Po,0.2466096878051757
B5TcZ_EN4AY,0.3454364538192749
BAbPkzVRwv4,0.2797110080718994
b9eqDjjiB78,0.309447705745697
bympMYTNS1s,0.2537482380867004
cCt9fbYrMgI,0.3498977422714233
cfKi70A-6iY,0.2154856920242309
cmLCl67cM7U,0.3556175231933594
DbEnEom2lS4,0.3077171444892883
djk9pncv5PE,0.3694765567779541
ED5ZQr7oA2w,0.2610447406768799
Elf049m0V7k,0.3096463680267334
ExlQrDusHoA,0.2582427263259887
ePzkMP3tFZ4,0.2683926820755005
exPWhTeIr-4,0.2893445491790771
F1FWlTnv1as,0.3474692106246948
fSTwONwagXY,0.3038869500160217
GCPFFF1aGD0,0.2748595476150512
GOl90WKhbJ0,0.2800682187080383
gRCYUmEuL1E,0.3292642831802368
gyE7IphL90E,0.3394477367401123
h-KlE2jXGn0,0.3330863714218139
hDv_RnTSn2Q,0.3052345514297485
IWEceQZjdeY,0.3144562244415283
IejJgRxE50o,0.1990394592285156
IvARDGELg8U,0.28289794921875
J0oOfPQVe9A,0.3114030957221985
jDR46dlyEBU,0.3500591516494751
jb0Ll_DcwXQ,0.2864331007003784
KAw1hv2528A,0.2574726343154907
KDP74u_-mgw,0.2528866529464721
KTwZIUDCj0s,0.3382245302200317
Kg40XWMH6HE,0.3079534769058227
k7dfgOh3AE4,0.2285146713256836
ky1xYImBNnw,0.3116756677627563
LtwYj60tbBo,0.2656140327453613
l-Dq0q1lvJs,0.2890256643295288
lml3IusuCGY,0.2294183373451233
M3XPcfF5drM,0.3175955414772033
MZEIGoEfQO0,0.3606569766998291
mQe0SkiJg5U,0.3657105565071106
mzy0seVwG4Q,0.3057661652565002
N80RbQiILS8,0.3120191693305969
NuZzanfgZZg,0.2456229925155639
nA_4LsXeunI,0.3550739884376526
nWUGgh21Y6U,0.3471485376358032
nuNI7tr0YZE,0.2212474346160888
nylMy-vC49E,0.3120518922805786
oC2o2-Nteyw,0.3182542324066162
oJrNJhsQrFc,0.325931191444397
obVg0R4J4NU,0.3780362606048584
omEdhW-n0qc,0.3345240950584411
PUaYr-mrXfo,0.2612835168838501
PXThMrVZo50,0.3302091360092163
PwASYy9EGWQ,0.2349181175231933
pMkVNcZOQ8I,0.3110440969467163
pazy2kJBSU4,0.3140634894371032
QJQ-m3JsLZw,0.3604636192321777
QNUO3gi4-80,0.2842752933502197
QWczX290t-Y,0.3227445483207702
Q_9IocXiDQA,0.2885364294052124
QaKFIdd5BOA,0.3457462191581726
QeemTmz-EEs,0.2814425230026245
QoFbDEB3O10,0.2815189361572265
qEvi05smvQU,0.3449791669845581
qRH23qaidbw,0.3031775951385498
qY9UDhRqYyQ,0.2945096492767334
r8GGcOTaX0A,0.3545924425125122
rI4QRw7z220,0.2976026535034179
rdZNx-bFEyM,0.2451908588409423
S-urPnZysx0,0.2831581830978393
Sl6NVYg_Gyo,0.3666877746582031
Smw02vXKClE,0.3039581775665283
sAvS0dBgRoE,0.3481859564781189
t29uk3lBAig,0.2631683349609375
tQlzkpxRskY,0.3121185302734375
t_ZCyb69awE,0.2797839045524597
tvyiIZb90vg,0.3822246789932251
U1bUwDxBu4Y,0.296330451965332
U7d8-kC8-yA,0.3387830853462219
UAtycCi4Gu8,0.3874417543411255
UDhNBLjzr00,0.2559528350830078
UTH-B5E46O0,0.248167335987091
UrvsDOmQacA,0.3256541490554809
uJ24-lI5gZM,0.2668476104736328
uOSJQa6ARbE,0.2753726243972778
ux5czE-rEYU,0.3107941150665283
VHvRwPO5W5k,0.333708643913269
VbUzlWTMCTE,0.2962076663970947
VlDTMIgGbRo,0.214616596698761
vjrXPNfkm5E,0.352609634399414
WJXpPZI-RnM,0.2628706097602844
W_CG_FiYeec,0.275162935256958
WsRm8MoFJjc,0.3161587119102478
wR6Ot1dmXCI,0.3301763534545898
wRH5nL3TqpY,0.3039215207099914
XUGEf2MG6j4,0.2664900422096252
XV7hjB00k9Y,0.3353230953216553
XuNqMOGENZk,0.3397237062454223
XuuV5Z5SJak,0.3028672933578491
xxz01CWHz-c,0.3093830347061157
Y3-VtJB2Xec,0.37613046169281
ygtjdGU3Ki0,0.3120006918907165
ZWk2E1ppcRo,0.2814576625823974
ZkLvE2wsr8M,0.2644153833389282
z0BwHBp8CQI,0.2457119226455688
YkIN3TyDLFk,0.2855459451675415
_7VXXHn-AaY,0.3326501250267029
nY0PhNhogYw,0.3239846229553222
dUaTLrPXQCE,0.2877962589263916
hUmTKH68EVE,0.2760000228881836
vgd20co9vp8,0.2612298727035522
UmQDj32kuMg,0.2406076192855835
NuJ2cgz_oJw,0.2762691378593445
taaxeeLu9D0,0.2893658876419067
N2O9lveUsyg,0.3549847602844238
TlxP5R2afX0,0.2904039621353149
GpW2cjNOukk,0.2625592947006225
0XO2rDF0eAc,0.3324835300445556
H4tkcoqQi60,0.3989086151123047
al2TSUUNBzM,0.3706389665603637
uXbEQNuvfVo,0.245314359664917
kNxPgau9Ib8,0.2560017108917236
Q9UDoY9ezVw,0.3560739755630493
Z0Tob4eL18w,0.3378843665122986
4qVY3qLI-0k,0.3006303310394287
DYEAzLrFCoQ,0.2866263389587402
UUZ6O73_ydM,0.315845251083374
iKHbaZb7oDI,0.2937520742416382
qY4fw81Wzoo,0.3271828889846802
EJBsIbPegEk,0.2912493944168091
pdtS2KQyRd4,0.3306730389595032
ppPE2qKrong,0.2947753071784973
IA2LgeFqWjY,0.29443359375
rQys5X0JqFs,0.3068811893463135
kmmNVLiC_nQ,0.3121697902679443
HGd81Eft1eA,0.3621450662612915
uYXQqhVB7uw,0.2770939469337463
miiefPDILZA,0.2948498129844665
tiC8P7Kr2Ak,0.2923297882080078
n_Ay5c0iz_U,0.2759506702423095
0BEAXgoHsrw,0.2680481076240539
rk7tNQ4puSA,0.2909915447235107
9jJYKp4xtGM,0.3087341785430908
3e-Fflqh98M,0.3197096586227417
pBEY-9vaTy4,0.2712156772613525
gzZ-c_2Cqvo,0.3217718005180359
rcsjm_VbIoY,0.2457887530326843
hk089Z5C_d4,0.2511467933654785
4_Vk_0au4Uk,0.2066317200660705
azNbpAnSiAM,0.174749493598938
siI4U3JlURs,0.2329021096229553
bS4dxJ50-ZU,0.2299981117248535
yzFas2BOQbM,0.1958116888999939
KH9o8UYjWuk,0.2173419594764709
0gcVq4kCGkY,0.2172294855117797
TaHr7mvkpL0,0.2169690132141113
EKCZHTlk24w,0.2486177682876587
DrBNiZOBhlc,0.2309694290161132
AlFYyXWALzg,0.2252304553985595
Cbo2yT3LlkE,0.2054522037506103
yBJu_IceZVA,0.2177692651748657
oQSOMZjUyVs,0.2130827903747558
Iv21lc2kmJA,0.4119348526000976
xyJanu3oB58,0.2551968097686767
KtXF96oWZV8,0.2048711776733398
UvDNf7rtajE,0.2267683744430542
v3cHvZTpCXA,0.2548918724060058
BkfC9xJBfa0,0.2688435912132263
8vsKelGXfow,0.2175514698028564
BC1gY53uanM,0.2351120114326477
Mp3Wi98HTUY,0.2616363763809204
8PsZ6zUyNYg,0.371391236782074
f87JmMzJ03g,0.2316114902496338
SlvlAG9qbm0,0.2919802665710449
tNm5xVfsFvQ,0.2456353902816772
mmoTwfxok48,0.2790273427963257
QP7R1304Juo,0.2272753715515136
t2SrzmOJ22U,0.222364604473114
6QBBOF5kkys,0.3029307723045349
nJTERjtnWTE,0.1985759139060974
p1fukG8boHY,0.2348712682723999
AVaXbRxX_0E,0.2478358745574951
F8FuLOUlPSg,0.2352145314216613
nKmsYNfcp2Y,0.2444878816604614
VGNRi_HBZc8,0.2630130052566528
DbjqcSKC5gw,0.279789388179779
iEuGZcgC5b8,0.2353120446205139
BGzoVxPP-20,0.2962851524353027
g5rJmWzHUys,0.2524116039276123
3mk76DTzj1w,0.2910027503967285
JiwBOfzICa4,0.2387785911560058
rsEQBT4uy-E,0.1878591775894165
X2Y1uV-D_-E,0.2796606421470642
BQi71lEUfLA,0.2638099789619446
p2Tb4QMGHUI,0.2554494142532348
VkdGnjldAHU,0.2451027631759643
Jt28AqHB6gI,0.2492496967315673
9RLoPKnwwh8,0.2470460534095764
Cp2VynCgcTo,0.2461863756179809
qcsdJgJLM38,0.2328821420669555
SfPEJh3XvxY,0.2898935079574585
MGCZNfWjd4I,0.2911868095397949
TcP6JQRLdi8,0.3429807424545288
FFwcE_kRilo,0.334665834903717
sh3wpWZe29s,0.2639884948730469
0Jl9aCB2Y0U,0.2728525400161743
lcxaiy74olA,0.2641563415527344
1xPgvAgecBY,0.3151583075523376
nZ_MzG0IsjM,0.2518784999847412
in2jZ4fEdN0,0.3574349284172058
6-A4dgrRmUw,0.3695293664932251
ViRHUZ4FYpE,0.3232749104499817
SqTyVJLlStw,0.2953739166259765
IPwlO9vb5ig,0.2768591642379761
l_J91LIPD9o,0.2359818220138549
Q3fowI6Fk1I,0.2511117458343506
3Mvm6-VbrPE,0.2420948147773742
eGHk7vjpM1I,0.2667328119277954
rjRZPgOuXmc,0.2262365221977234
IZKIyq4lugw,0.2798303365707397
YR9ucBKrXYw,0.2154960632324218
ApeJ13IWORo,0.2359120845794677
WN43zQNi9L8,0.2170470952987671
xOLdnZ76FRk,0.2574166059494018
o4BQjitYvnk,0.2633737325668335
N2OfqlNSTNI,0.2230260372161865
nSmprWdbPJ0,0.1978223323822021
o11m8ddslJY,0.2150783538818359
NQVwPAFkfNU,0.2822139263153076
QqIO3TGL214,0.2456457614898681
DDol_otKkh8,0.2595038414001465
rOUFcq27V1A,0.2865077257156372
TKT3fKXvt9c,0.2378703951835632
8Cn8GloDhVY,0.2985666394233703
bVPhfJssD0k,0.2780672311782837
9ygZzBUvAqc,0.257438063621521
T1fSxZFkg7I,0.2452022433280944
ihU2m7c13sM,0.2570435404777527
8QxKiYW6Xno,0.2827582359313965
OdQ6ff4dbQw,0.3110689520835876
gThNmAcknbk,0.3113288879394531
S9qUllw14ng,0.3219123482704162
AZJxwZRm9u8,0.2954436540603637
L_1R40T6gJs,0.2277963161468505
LF0bNy2G6MQ,0.1993457078933715
OVmeI58ioXA,0.2205016613006591
DsTQVgBVIoI,0.2105787396430969
4tf0SvG-36M,0.1824896335601806
wr-hKR6HT8M,0.3594964742660522
Aun_RGA_u0k,0.2494843602180481
oSEloWv9ZRg,0.2264272570610046
TaZkl52N3NE,0.2867549657821655
13c37KJqs7w,0.2983485460281372
8yRH3ecJRpY,0.200175940990448
QjWrpD-Nqbk,0.2254285216331482
0basEI52lJk,0.2656381130218506
suxbsswhORA,0.1953803896903991
m-IsK2T45pk,0.3164681196212768
wDfLOeVkC3I,0.2984952926635742
iIAK-mJleqg,0.2524880170822143
AOOKmn_aHxA,0.2753785848617553
eDdUIP2efmo,0.353616714477539
FQYXAyseutY,0.3200079798698425
6p38dCSHAVc,0.2659627199172973
ohlFsHFs62I,0.2647628784179687
UUGqRZgWJoM,0.2443684339523315
FUViHbnHkZI,0.2862147092819214
BgljHqQpp2Y,0.2811973094940185
ZFLDzCLrnm0,0.1994540691375732
SC7aUcwj_sM,0.2423518300056457
r1xsuPlKis8,0.2480266094207763
OP75ThF88QU,0.2559530735015869
1mYPypXQy9s,0.2444102764129638
xi_8XEsMHdY,0.3090018033981323
QFF1xB7r-8w,0.2731311321258545
1r9SJNNqmBQ,0.2384507656097412
HslCUAYPRA4,0.274509847164154
jyeOXHJjaJc,0.2597055435180664
y_sIPi3-wBs,0.2551237344741821
E5q_pEKifnA,0.2400550842285156
aT9ib0dJnfw,0.2237535119056701
YKvxy31_Wvo,0.2530884742736816
oi_h9Qwi1ZI,0.1765670776367187
SRY_SSaM8v4,0.2478928565979004
llnRbPyRdxs,0.3268055319786072
bYdg2Iyq8cw,0.3295113444328308
j8D70ywB9y8,0.34079110622406
A8yr42L4Ep0,0.3544188737869262
o8MmnGivYrY,0.2696148157119751
PaFMAgfkpyY,0.2944791316986084
bCxWfMhLtmQ,0.2918031215667724
YIP8p6BBYyc,0.2480865716934204
dFI2YX1TnEo,0.2566039562225342
CDo9wMTFRX8,0.2436752319335937
y3kmk0K2lJs,0.2390303611755371
qXxTIRWzgxQ,0.243467092514038
YhiQkKRaw6Y,0.3856027126312256
WLhJ7F5SjoU,0.2618358135223388
cr8o7SkyMRk,0.2136400938034057
B9RM-2ECYIE,0.2392576932907104
XUiML3YTEjY,0.2623066902160644
lF2fwDctmlU,0.3148990869522095
sn12irUO2xo,0.2549728751182556
Dn6WWjt21mo,0.1916099786758422
DBhCetjhRgI,0.2978575229644775
Mbai1WDCOVM,0.2679845690727234
zNBeVJnl5Cs,0.1911811232566833
zoH6e91-XQY,0.1912597417831421
wDcR3EZYb10,0.2899943590164184
RZzSv56423w,0.2542654871940613
13MtqiKfuL0,0.2836240530014038
ZocFLJwEDkk,0.3277751803398132
0BtWtOIwT9w,0.2492192983627319
k1QgaJIEoGg,0.2554520964622497
Cf4epR-Vm24,0.3156871795654297
IypJ-XPa41U,0.2128956317901611
DNJaLQXPSkE,0.2006850838661193
DnmG_2-zxps,0.2268592119216919
t9WEGvzwqBM,0.2815419435501098
FLNluKfk0C4,0.2976026535034179
kjZcgdKhbZI,0.2362082004547119
4JNn6iVpoIs,0.4042317867279053
7D7QFtpb-mg,0.2766205072402954
RXp5W6qedIQ,0.2365312576293945
WZ68csFtawo,0.3239510059356689
S2LBRXCECis,0.2824362516403198
8UcuZw2iIKE,0.275738775730133
Q4MoOAtQWkI,0.231246531009674
JpAXR2iUonA,0.3000600934028625
NOFHb7p5oOk,0.2975785732269287
4QExmoLeqmY,0.305607259273529
oRzDZnSmkGw,0.2959045171737671
lCYG1bTGlOQ,0.2745440006256103
K92VTro7vNs,0.3079297542572021
An52a50mVXs,0.2940528392791748
YOhhLMmjbcA,0.2708855271339416
qaKKdgU_PZ0,0.3058010339736938
qS7pOZRWwX0,0.4367167949676513
PBWFjdvBHuo,0.2894490361213684
gkD1WiWh0Ag,0.2616746425628662
fM-LDkcEFKY,0.287219226360321
2jSW3swKTL8,0.2919975519180298
8QnAerFgSkU,0.3107941150665283
TDGDUbjp2Wc,0.2851635217666626
VFqY8vAUkCE,0.3140029311180115
jIIRwEWO4z0,0.1976330280303955
hedHdad5Yuk,0.3053944706916809
2J7iUgad4dw,0.3307801485061645
PsftgBIY8Qg,0.3445393443107605
cEZRl_AB5Ao,0.2235469818115234
Lc7IFUodS-E,0.3101184964179992
aASmbgiTLi0,0.2735038995742798
E2IL6P9Zw0I,0.285245418548584
EzM03DMgtsY,0.22688889503479
0subUTIDMj8,0.2387603521347046
B-0jXspTqUs,0.2630817890167236
AsVSC54VfqI,0.2169733047485351
NghOZFkPNUc,0.3193651437759399
EuixCyNBQnw,0.2363993525505066
R2GnpTRiplc,0.2457083463668823
K7FjCmlWvuY,0.2376028299331665
nGTYZRs0ljw,0.2231225967407226
bW4VeXchwdQ,0.3070987462997436
HJJudcpUWIk,0.3150560855865478
KskeGIia2Yg,0.3007291555404663
jmumXFfwqYI,0.2713111639022827
CskyDVPbN1g,0.257786750793457
3O5BsLAZCnw,0.2445549964904785
5r1TQOTumKM,0.2799679040908813
mpmicJ8WbGM,0.3036370873451233
UcOIzXnOHc8,0.2721810936927795
pM42sKp6f8A,0.3117884397506714
xY5XUMhQhQw,0.3737372159957886
55cmuu-ierY,0.3116574883460998
WWqmOdeCD_g,0.2660483121871948
LL5pu9GzziA,0.2437289953231811
Hv3GzcfaD1k,0.2326475381851196
Vr8JW3Fl1gs,0.2669081091880798
1G8XubzTTx4,0.228438138961792
LPxHp9AAB6E,0.2625933289527893
wA-Xgjcz5jE,0.2652076482772827
K-mV_8aeQsk,0.3151131868362427
bEbfn3M7-sw,0.2650898098945617
8A2iTiX6T7g,0.3058934807777405
TklRn4KvR8A,0.3016254901885986
-3zqOfMkAc8,0.239949345588684
-XoGA4CpXSk,0.2693513631820678
-5dI3rhxtX0,0.3086237907409668
9Nj1ek-r76Q,0.4519737958908081
skVFHFZ-Yjg,0.2739640474319458
eIaSxhd-N-Y,0.2776764631271362
YajbAkhu6hU,0.2612853646278381
UgE_4TjLswM,0.2964510917663574
hXB-jCstxFY,0.2791042327880859
P0gc43KKhhg,0.2544691562652588
dQIfO_00LBk,0.261408269405365
IQr45nXSyy4,0.2319706082344055
A0LYG3cSF1U,0.2335612773895263
bPWahp7Z2yI,0.2537139654159546
N2IAv7EWEQw,0.2491763830184936
DlJcKi47Dhg,0.2703349590301513
z5SIGkOMr9U,0.2846916913986206
4X-OL6Dz8Wk,0.2150269746780395
ZayWroC0WdE,0.2674767971038818
HkzhNby8-XA,0.2072184681892395
I8pYwTAVSJQ,0.2311668992042541
FNdExSQcMw0,0.2486500144004821
RbZUp_TtE6g,0.237383484840393
oZWMe7xweDY,0.2614606618881225
kkOw8F6weFM,0.2874066829681396
8hfMPoPTN9Q,0.2597075700759887
dGjHfdsv8Ao,0.2846285104751587
Ic4dIZ4dYTk,0.2824811935424804
pJUAz6WIi5I,0.2315369844436645
DLrh3Qt2vDk,0.2712648510932922
vxRCEMcN3RI,0.2016018629074096
DYjUlaQFgm4,0.272562026977539
xK8Od8r01sI,0.2493559122085571
PB_GPChAY10,0.2840327024459839
9YGNMnmHI-8,0.2442833185195922
ejpnVOP4xyk,0.2686330080032348
NqjRUZ9VP2k,0.2543912529945373
4DGqCTf7jFM,0.2602627277374267
s5JDOEcyAcw,0.2921034097671509
uQRCWNzfscU,0.2450992465019226
lXTyaXUf01A,0.2230710387229919
NqVET_Xb2d4,0.2264344692230224
OrvNF731Iuc,0.2411985993385315
5MH-Dx6WAsA,0.2572946548461914
KE18F26utDI,0.1957255601882934
vSqXw-im2mE,0.2041362524032592
8dK9XaYpVNc,0.2695244550704956
FBbFhuCfeaI,0.3070945739746094
ys_6GHcwYWc,0.2539015412330627
AOS5tXjaC1U,0.2426985502243042
LY1tGLBZ2AY,0.3057994246482849
SXLvuLVEGI4,0.2368154525756836
RRuhV-9IoVU,0.2386860251426696
Lsf9bgbJS_E,0.2828810811042785
MZp3_9S_BVs,0.2333875894546508
K0wkZ7acqSI,0.2936298251152038
fw2MXtbXDLU,0.2439644336700439
2kLrpe0bcwY,0.2840478420257568
2jM1lEi8lF4,0.258989930152893
6RD4PxCgwO0,0.2103927135467529
Y0oW-DmpXto,0.2769948244094848
gEq4vg9pfRs,0.2869675159454345
U5HKALbr0tY,0.2745228409767151
Ds0WoeUHQew,0.2879087924957275
yZJKpieLJ3U,0.2558375597000122
S5uo5W21jFs,0.3135607838630676
jpRgf5q-9FM,0.2242740392684936
jOcptau119Q,0.2723842859268188
WyfZ1zOQkwk,0.2639352083206177
8UWdmOQKMwE,0.2624701261520386
v9JOoK88wEQ,0.2413722276687622
0LUxHXJgtMc,0.2994536161422729
x0qoIC_qYxM,0.3073176145553589
Be8T7Jd4Dpw,0.3826824426651001
u7ohdrNYRiM,0.3237990736961365
6mTlK0C0BNo,0.3470097780227661
L49eDwHidOU,0.3079686164855957
K-y2SHFaw4Q,0.3300024271011352
nz4cBVb9wh4,0.3503385782241821
Rb_eLv2B5ps,0.2936854362487793
fIdC3UIx6Ak,0.2971069812774658
85hatY2iiyU,0.3731871843338012
_EpnKL2Bamo,0.2574819922447204
lY-rdDrJb3c,0.2214902639389038
ndKF0a11s6k,0.2183548808097839
LvDEyj9qO7M,0.2330988645553589
c-8P-OeQkm8,0.2297652959823608
hH4pGKB_OU8,0.4198793768882751
63XCqCS2DoY,0.463150680065155
GIVZNtRADPg,0.2770446538925171
nMrN8e0Q8EI,0.2827885150909424
ItiL7XpnKWE,0.239492654800415
ppL4VTbDLa0,0.3218970894813537
bGkJvA6WVGc,0.3183013796806335
JLAEDN0tpDk,0.3119127750396728
sO0sqLxIyDk,0.3366618752479553
i18CiJf6ifU,0.3426845073699951
ILLvxlGn4Hs,0.3247333765029907
2rtPaqkrLPw,0.4283015727996826
cskz74MUEc8,0.3261671066284179
IOZjkEcNHIE,0.2635322213172912
ehsEnYfzREA,0.2879103422164917
RPmBoQ1Ciu0,0.2215192317962646
jwCWcB9w-Go,0.288536787033081
C0Wj6AnFPJo,0.1863671541213989
63gcs9-G8Vw,0.2349894642829895
2-Cwbh8kPx4,0.2206767797470092
2r3p1wNl5f8,0.3379042744636535
2ye08EJSnp8,0.2617186307907104
pILTJGibe6U,0.2927631139755249
97Kk-c06T9w,0.2709838151931762
TYZ21Gqd9kw,0.2634819746017456
ChmFvyGxxVY,0.2769763469696045
5d3GFk7Stas,0.4014610052108764
hHGWuzg5n0k,0.2868794798851013
t1FlZC4_g70,0.3139973878860473
jlQDHrDTyi4,0.2395834922790527
tvoSPqaIiI8,0.264846920967102
XP2uFwNJssQ,0.2997715473175049
g8BT9T0yw9E,0.304174542427063
edpRqir29aI,0.3181618452072143
Jj56yCjJEck,0.3261139392852783
6nZAQglI178,0.3100373744964599
LC2nkQTpC-0,0.4678393006324768
NkyEOrQiGMQ,0.2432544231414795
2OPOGUUkauc,0.3642535209655761
uVUon6lfNDw,0.2345912456512451
WB3zolACjuI,0.3036788702011108
uzXpkreSc74,0.3392419815063476
4QTTDmqc_3E,0.3662811517715454
spV1PDKf9Rk,0.2300697565078735
pSHVbLPWA28,0.2013536691665649
AXFhTXSLjco,0.3315895795822143
5mnQTzhVgl8,0.2593227624893188
YFhwEJosUsU,0.3044354915618896
AY2jPAb6BOQ,0.2612524628639221
L2i8agzydig,0.4180811047554016
epWTkSmY3Nw,0.2230221033096313
Q9UkP0G77Bk,0.1847145557403564
FtDv-L1stdo,0.2409512400627136
zCUi8b3Mr70,0.5611903667449951
M2idDi4ukA8,0.2807513475418091
l6uqpS63yso,0.1927380561828613
vZgnGwyOO2s,0.2349215149879455
0VMkhHN0V3g,0.2284404039382934
tFCJLshbNdE,0.2200073599815368
bUYUSXyp3Pg,0.2493160963058471
PRRNw5IRufM,0.3014951944351196
NsaSG-0U4mU,0.3487221598625183
IYSxN5sNQ_M,0.3249867558479309
1lTJ9ef7S0c,0.2787424325942993
0irkH7mOCAI,0.3180289268493652
5t1qzkY6GfY,0.3942724466323852
DrHkLv2414o,0.3499493598937988
ydAyvvDQrgY,0.5171087980270386
p7QS4cz-Avs,0.2818248271942138
DGAPEIxTwU4,0.2769715785980224
vSidTZlSbzY,0.2421380281448364
g0UT4aliEe4,0.3916980028152466
n6B5gQXlB-0,0.3455925583839416
iFnSP-h5S4c,0.2194387316703796
Gvj8VBq0I6Y,0.2984511852264404
MQTUznTBpNM,0.2751647233963012
ZP8wqrJ0wKU,0.3014801740646362
RgxBs4Kn1Q8,0.3203294277191162
RBQ-IoHfimQ,0.3923046588897705
4bMSJY9ddL8,0.2660742402076721
TFkUan5Uujs,0.4857416152954101
rtih8OEh7S0,0.4582863450050354
hC3Ojbspi94,0.4380461573600769
dZyUWLW7kEI,0.256320595741272
EFFVStl_Uac,0.3005086779594421
o268qbb_0BM,0.2817671298980713
VVAIH60YeYg,0.3700600266456604
PHpPtdk9rco,0.2491470575332641
5IpmafMQ6AU,0.2722516059875488
xjuwkGXXy4Q,0.4038723111152649
jDKLd8vGm-k,0.2316303253173828
fyO8pvpnTdE,0.2371743321418762
OF6Iwma4Pbo,0.2744480967521667
i42ZinrWTmU,0.3725677132606506
QW7GvgWsQHo,0.2787504196166992
cSjagpvEHYc,0.2723554372787475
P_A4CpeLgCg,0.4624282717704773
rkOySwlEtVk,0.2482351064682006
dw8Xl8hoJWQ,0.3082550168037414
C0WDFCjztaw,0.2808208465576172
llLIXT_vXl8,0.2970651388168335
fEnwMyHejtQ,0.3166332244873047
CbCdoxNxNjQ,0.2765249013900757
fuRJqe_rO90,0.2219940423965454
8SuskKYqWIc,0.2087692618370056
a8T5fc0uj1A,0.3239398002624511
PEnjlA0fsTk,0.3157406449317932
I74FAkaL1Fk,0.3036968111991882
c5vvTiZtP7s,0.3124223351478576
UPrkC1LdlLY,0.3013771176338196
FLp7zBsNtaY,0.3247970938682556
kX3nB4PpJko,0.3177828788757324
YpjwHazhknA,0.3205722570419311
KVnheXywIbY,0.2487906217575073
OkyBBwpHqcs,0.3082995414733886
oeP78MLHj0U,0.3018743991851806
I80_YFeKWuc,0.2872518301010132
tK0xLe_jpM8,0.2938742041587829
RokZ-Tvy2cY,0.303608775138855
MJEsOdx88iM,0.2903986573219299
8rOH1xpepug,0.3370301723480224
RMlOm6RpG-Q,0.2648745775222778
jBOHmuGsUdE,0.2624139785766601
026geiUPQYs,0.2698063850402832
F2O5s92UxaA,0.292011022567749
VBr1UkwmI4Y,0.3180806636810303
C6eSmWvSFxM,0.233938455581665
ASYV7uX1nV8,0.2504280805587768
100DJXA5Fng,0.2632997035980224
tHYz6zYN8nY,0.2814995646476745
MEI16327tCQ,0.2903491258621216
pEWqOAcYgpQ,0.2648965716361999
Xi_zEi_0hNY,0.3150882720947265
UwCZeywOIok,0.3087896108627319
vqu4z34wENw,0.2623588442802429
yeF_b8EQcK0,0.3200504779815674
E7OwbUlfTjQ,0.3383121490478515
_UyjJehQrLc,0.2783390283584595
FOIQcP0mX9Q,0.3582541942596435
SE91pxhQiqI,0.3055734634399414
oqpoIJNF7qs,0.1999924778938293
iSOdNTnkKu0,0.3572810888290405
4qTmPWJbvfA,0.2542394399642944
vCP32JxwZ3E,0.2728989124298095
05-Gqlan8TA,0.2525185942649841
-at4b-8D8xs,0.3329704999923706
W4tyI-VvTpA,0.2230856418609619
vX2SvQMzce8,0.3877874612808227
k2vbdTTotok,0.3075052499771118
2_6AK1X8uhE,0.3179670572280884
miHCZ0gvroY,0.2614349126815796
20-TlWWDQCs,0.2659454941749573
gZRGNRrp2h0,0.3451625108718872
WddUYh9w7iw,0.2216294407844543
gkWHGy70jIg,0.3198670148849487
xAbYDVM5YeE,0.4248613119125366
HZiPyuIbV4s,0.4134370684623718
BD608IJ3aCE,0.2794123888015747
hkauT1c6Cj4,0.2196559906005859
7HFKBl3rE6Q,0.264662504196167
rSIgCOyJxqk,0.3257413506507873
i4Uvxb8D4Sg,0.2884169220924377
CJGnbp06IaU,0.1558369994163513
U9tLGiJgVOM,0.2537101507186889
438F_X7X8oc,0.1950970292091369
sHNLOPj0bEE,0.264562726020813
17ex-C6-mgQ,0.2352629899978637
2EYa94ZgwDc,0.2266643047332763
k6FtYfIqfKw,0.1834830045700073
8jGM3qm9Cgg,0.222868800163269
AmNCIEl-3dE,0.3679883480072021
7QWvMlhr3fo,0.2428593635559082
m2thQrgZmtA,0.1695605516433715
UXD-683AxsA,0.1326806545257568
Pddy_6fV2UI,0.2033100128173828
f62kIb8oHE8,0.176501989364624
DT9Xyxyhh4A,0.2819424867630005
gQSZHn9wTNA,0.1430261135101318
mIUwPazjCRw,0.1760393381118774
E91W_ZcK3_4,0.1894357204437255
bBS67nUZ-ZQ,0.2081033587455749
hyWcuPMo8C4,0.3738573789596557
gM7EPVn-lJk,0.2174296379089355
xvZohCit9Vg,0.2310009002685547
TwiMGey_UPg,0.2014722824096679
RJroRcB2A14,0.3438028693199157
R9fx1prv51A,0.2994847297668457
_GhMpCHkRoA,0.2038108110427856
ImDj7wz65oI,0.1714009046554565
ZWSgJwmiYto,0.2548879384994507
iZAqRUF2Fro,0.2438387274742126
L2aC4mDkX6M,0.2095194458961486
A819G5gD5DY,0.253664493560791
k-KkgWM7P_o,0.2154901623725891
9eIjmggZ2oE,0.2368297576904297
i3xUhAWpPXQ,0.2703985571861267
oM9UEN_LFEM,0.2217050790786743
PT5x2TOlnUY,0.2176094651222229
HBkZ_aXnQV4,0.1818293929100036
2kqTXZol6wE,0.2707817554473877
b5328-q3xKY,0.2237259149551391
GdyDRPMRPDI,0.3352513909339905
xlL1m_he1x4,0.2381619215011596
OYXB9k1dKYI,0.3394490480422973
FlJhKjspxNE,0.233221173286438
3OQToElxke4,0.2611697316169739
_ZXkYGiHIuI,0.3642288446426391
jeDKsg8r3ew,0.3635518550872803
cTK5hRSZe8I,0.2609781622886657
tKwveS2QhHA,0.1996116638183593
gHQRyBeVz3Q,0.2903233766555786
YtzHAkcjHv4,0.3151090145111084
0kRVw3Qmw9w,0.2090776562690735
WIxrIM3dGuQ,0.2622259855270386
53sN3KjUEM8,0.2943190336227417
-IWk5NkxQF8,0.1397488713264465
D-UmfqFjpl0,0.4614452123641968
r_lN52VwrBo,0.2630133628845215
eOMqaQFFhk0,0.264234185218811
Rtsp6KrRE8I,0.2678341269493103
EN1SJT76JoY,0.4888413548469543
31J_Xs6SLSo,0.2619895935058594
FiXCxfWWwPo,0.3737108707427978
G9H2aliqkq8,0.3083941340446472
qYaHoiUK0sc,0.3845601081848144
KZ5l5QEBQho,0.2789958119392395
oZnc6GJJl_8,0.2812639474868774
FHJ3CMWnVxY,0.2715530395507812
0zv0XPiY420,0.253523051738739
NZh5YxDpuK4,0.4988186955451965
0NHQz_s2Chk,0.376737892627716
3r3OgTR-7TA,0.2781174778938293
S7afGh8eLNk,0.271135151386261
fNHYuoKHTwg,0.2633174061775207
Kr670q3ITdU,0.3263420462608337
TmeWEzc2mLA,0.3296148777008056
iiTDUNkRn0w,0.4620497226715088
uKYV2qjYIS0,0.2899744510650635
wUoxbm9MUc0,0.3074852228164673
OJTbbQN-ATA,0.4396390914916992
NjSEKXed1xU,0.2896295189857483
_TN51ykGZPk,0.378902792930603
A-r9sj7zHJ4,0.2994244694709778
gFhpJzDWRxY,0.2717846632003784
_ag9qFLDWfw,0.2681553363800049
OOvyseZM1gQ,0.3395788669586181
Sad-2ggo-fs,0.2895239591598511
3pZXMAy95H0,0.2358027696609497
zVeyKqclcQ0,0.3208822011947632
0E3dBiyoXV0,0.3201678991317749
7KlA7WTxbos,0.2423601746559143
2D1cCIzMMdo,0.1817795038223266
dL-3iynZ-bw,0.2030056715011596
8vrDeV46LTk,0.1535624861717224
2YgXqgmRQo0,0.1494397521018982
K9IcmOW5m-Q,0.257057785987854
9FdhR60NA6o,0.1400395631790161
MYvNcGa75s0,0.2774429321289062
MuwjQ_926k0,0.2296336889266967
hweSWtzTCjE,0.1370989084243774
Lp5eyR9I8G0,0.2520992755889892
nEF8kx7wlRg,0.1832952499389648
0TRd-c0PK_I,0.1407577395439148
5gIkYTMR-GU,0.1735011935234069
7_Dptf0F66c,0.1735155582427978
Dh2mhimtPAU,0.2339679598808288
dGgo_sdxABk,0.2867023944854736
GXelqm6m1x0,0.3081470727920532
wpS0Y9D5ZyI,0.3227325677871704
aYjFliqVFzc,0.3697388172149658
znb-fpJwN3Y,0.3468065857887268
OExa1LxYk0s,0.3505012989044189
QHKnvLgG7HA,0.3242545127868652
5qQ9d-3rcz0,0.2395762205123901
MrS-46e59V4,0.2675977945327759
Rb8-BSN1-ys,0.291056215763092
GvT-XEt541w,0.2779514193534851
AWmiGX8EG9M,0.3314272165298462
GH332rw1zp8,0.2023329138755798
cyyZKzpyQHU,0.3837927579879761
aQ89Wdd77B8,0.300483763217926
XWnwYcH8THg,0.3222041726112366
qagvMkxRVBk,0.2949472665786743
z_Uw4i_eBtY,0.2024120688438415
wbx8Vj4yxWY,0.3155834674835205
wJzyxcADORc,0.2271000146865844
IwtNFzX0ni8,0.2357997894287109
Nt5qis3jvE8,0.201174259185791
fWENuDSu05Q,0.1711186170578003
IyoBbzCqvbE,0.3326557278633117
NhA41QLiN4A,0.2192767858505249
ejYTXbwYpk0,0.2259246110916137
isInKCvPUx8,0.2385664582252502
La7fMoN2um0,0.2389851808547973
sRR6VipPeeo,0.3403295278549194
rBoYIDWghZc,0.2689027786254883
6DcT6qwCBIg,0.1860618591308593
-MXa5UA2Xuw,0.2886523604393005
kPTmkc6Ti7Y,0.291899025440216
Df46CRQq5RI,0.3338418006896972
zIzIigyd67g,0.2809994220733642
2sNkmHMLsVw,0.3303287029266357
8AimnD68l-w,0.3951208591461181
3pSW8-3Zth0,0.4381228685379028
Hz2F_S3Tl0Y,0.2666551470756531
ZdLrHHJ9I4M,0.2936825752258301
2sw8o2JID70,0.3079664707183838
Lr6RAhhyBGk,0.2507696747779846
EvrBw7vu6qI,0.2650562524795532
yLKro0q0tGY,0.3268270492553711
E6tJvAg3EXg,0.3728992938995361
U-Km1k-hYhI,0.1801367998123169
uHTbEG0LD68,0.2041640281677246
4MK89zVlYdQ,0.3637117147445678
eAPqQFWEoKg,0.2930052280426025
XnitQYkYYcw,0.3749952316284179
B3OjfK0t1XM,0.3579946756362915
kgrV3_g9rYY,0.2851119041442871
UR8Vm9Y19Hg,0.450931191444397
40_R3lyMMRo,0.4263631105422973
Xnkp4Cj1HDw,0.4532867670059204
s7S3TxSCcQw,0.4347536563873291
P_ihwXty6Ls,0.2775933742523193
3H0dQ-9UPW0,0.2333955764770507
2z_vHdmnjAk,0.1841017007827758
DsPmSWy9ZiI,0.1912951469421386
YdDlWmM4x_I,0.2733572721481323
PMIAnKaRJ0Y,0.2309627532958984
6sXL053d1ns,0.198937177658081
9ZHeKutt_cs,0.2912166118621826
EJrFzr_Patw,0.2000979781150818
Vlbc0Uvs5Ak,0.2239712476730346
iiJIUnSoa_U,0.206300139427185
5JOYVDS60bw,0.2831181287765503
vgb75iSQez8,0.2108857631683349
_tE5hVovTYk,0.2224498987197876
pPTcwK_TL3I,0.2878282070159912
2TQLwiiUyAU,0.3053304553031921
IgwsdBR_N1w,0.2982149124145508
TvN3atq9Xpg,0.2491867542266845
9ZrwFJZfW5M,0.2525688409805298
eE1NEt7jyA4,0.3572856783866882
PX8ykesLfSE,0.3324269652366638
2mh_ZICm-EU,0.3048799037933349
FH03brc63GE,0.2856408357620239
HewtIPiQueU,0.25538170337677
kbKldiDOgEE,0.2829638719558716
H7EJyQ8lb7o,0.2432261109352111
uo1Kj1aZyUk,0.1968010663986206
I4HKRpPvFBE,0.3647176027297973
uTOSC1zVRuo,0.237183928489685
4Ugt4exeQ8E,0.3934149742126465
R00LqJ47PlA,0.3144134283065796
NrGWmrmXfFo,0.3359454870223999
eu5HUrEHsmc,0.2985143065452575
sLGXktFmpEM,0.3018668889999389
4rp2aLQl7vg,0.2431986331939697
91eoGiLSCgY,0.3226580619812011
OFgtCHGTm6w,0.2873828411102295
Lgytsf4gBa0,0.2827790379524231
YttwmhKvU_4,0.2914494276046753
KRqgjpiwrY8,0.2796736359596252
xnBr_gSPz8U,0.2968623042106628
SVLe7KMu0u8,0.3031325936317444
3BX7xVFZMBM,0.2538778781890869
GRqx-xXloHU,0.3521832227706909
Yv-DC4eqjVg,0.2756574153900146
2sv27K1mv7w,0.2612651586532593
TBLs_WNctnk,0.2843210101127624
uzmjjO7wNVo,0.4413205981254577
4SF9cFDR7VQ,0.2806470394134521
yG5oXqnCXrY,0.2212797403335571
lnVn_wNAmzc,0.3109122514724731
8rEdx5revr4,0.2923833727836609
mZZ6CJSoRLs,0.2259947657585144
Jh7wRYL-pUE,0.345750093460083
d2OONzqh2jk,0.3255898952484131
MRveAuJvtp4,0.3640472888946533
rXi5W8BRLnw,0.3822407126426697
K6ju9Ns9aXI,0.330462098121643
NKEzWnwmddU,0.3422521948814392
eVRAgGXtCNo,0.2651082277297973
IY5HsCAqxdY,0.3940217494964599
suIg9kTGBVI,0.3835353255271911
qxJQVxbV5UU,0.3285917043685913
4a6kmXhUFXo,0.237473726272583
0SzXyRimQ0s,0.317776083946228
ZXqOVn4-Yaw,0.3149276375770569
To12MHZTyf4,0.2335439920425415
Eef69_st5oI,0.4619332551956177
jH2d_4XJTkY,0.307149589061737
mAgbSaF_UoM,0.2450909614562988
6gTmyhRM6k0,0.3352460861206054
X9sWtUXs2wI,0.2423415780067443
f2ZLOx0k3Ks,0.2059124112129211
CKBnkchY8Zk,0.2829442024230957
LJTqjryGp8k,0.2827450633049011
jRUed5CY_tQ,0.1964274644851684
ejy_MAKQEsY,0.2551724910736084
G3BTGvNB7nw,0.2846354246139526
TVieLpY9bWQ,0.2623943090438843
jYwRZZFwrBc,0.26545250415802
aeKb2FMJsuY,0.2875778675079345
sJ-hA0MP9h4,0.2157865762710571
teV20eH7Xmo,0.1747284531593322
ycpt3nSK4QE,0.2707162499427795
paDq3_yfZcM,0.2220037579536438
U4UwS_BQ14M,0.2888984680175781
3lf1016C__Q,0.3367698788642883
hg-yQLJq-QQ,0.1691547632217407
o_Q_fOD5uRs,0.269738495349884
Pu1K776Cn6M,0.208891749382019
n1D4MalbHq0,0.2490755319595337
yyNPXW2q10o,0.2399375438690185
KzlQgm7zeAw,0.3572781085968017
zCraCrWpwAI,0.5808280110359192
vMpaSBYh5pA,0.3190593719482422
pkqLocWVkMs,0.2465590834617614
Z7pFwsX6UVc,0.214302659034729
xG3nIoBzOzs,0.3683820366859436
FF13ynwo6ug,0.4572267532348633
kBVSE0Ll0fc,0.3909101486206054
0RxeMYwb0EQ,0.4472749233245849
NXRutTcg1BU,0.2683635950088501
MukT7dXGHko,0.3308388590812683
n-Gre9Py0Jw,0.3163290023803711
IENArFXpQD8,0.2235411405563354
fTrMH2Pdq2M,0.2876511812210083
x3RY2S33ylA,0.2333590984344482
fm9DH2OtClo,0.3390640020370483
rF31t3oqsj8,0.3271990418434143
og_URMyEkpg,0.2552931308746338
yBAihc9a3tg,0.274427592754364
w-YaTnxwQxU,0.3832408189773559
RrjGfIMoaWo,0.3546612858772278
ezbYAglQoxI,0.2817392349243164
avMZGNytm9Y,0.3338590860366821
2qepS30_wdA,0.3287854194641113
xKWEBc-df_M,0.3301798105239868
owPT0yh0VV8,0.4695815443992615
zaPcin5knJk,0.3529835343360901
myjEoDypUD8,0.2945448160171509
Cd9qrDtXq0E,0.2894438505172729
90D_hOnFrgU,0.2463587522506714
_HML6UYYF-I,0.3720070123672485
a3KAmDrS35A,0.2706861495971679
4wBFoWumJEI,0.2895857095718384
8KeOxeuiZjs,0.2257636785507202
lArb4T4Yp3k,0.3422537446022033
4p4Cs2IVSXw,0.2721576690673828
eeumL7Fz-8M,0.3063497543334961
OhDgNoqkTrw,0.2946717143058777
ISlS4aukpaM,0.3111153841018677
F-kvFACZ5yE,0.3492602109909057
NiidUuPZxpA,0.3179289698600769
Ylj_Omeqg0I,0.2506086826324463
HPwWK8ljorM,0.3095816373825073
fQ3uql6oFtg,0.3176376819610595
-20QvMQRX1Q,0.3654022216796875
XIGWjzqKTp0,0.265629768371582
AstLBWlZxLU,0.2629041671752929
IeH0mz0REi4,0.2701470851898193
bKqSQ1pG5xs,0.3491052985191345
D1XQ0nSqIBs,0.421083927154541
pdXTJOJp7c0,0.2893383502960205
ZmKy_fnRM_E,0.2702193260192871
2p7Ah8uQqmU,0.244911789894104
9HvTRg7LCio,0.321116030216217
RJ4jlutcSbY,0.254941463470459
3ktU5YAxvkE,0.3125436305999756
7zjMUoRfUjI,0.2579280138015747
tCe4KrQhraw,0.3134409189224243
go-vCNylqcs,0.3107631206512451
vrXrTKhqkdM,0.3125722408294678
4AWvQLi5Ewg,0.3942999839782715
phNCAbopozQ,0.2361872792243957
YZ-LagCs6GA,0.4220738410949707
ucC903dOCk0,0.2811145186424255
5P5rKZi5qCU,0.2754075527191162
w3hPbyoebZE,0.295884370803833
nObJ4NuwGD0,0.2743938565254211
31L-QkC_lfM,0.2734596729278564
0uftdOL3fyQ,0.2526803612709045
h8VFPcQylAE,0.2391334772109985
kV8ucYvic_E,0.3273135423660278
D55r-Y_yOwU,0.2044424414634704
xfqBQ2XhBCg,0.3478930592536926
65Dew37xj9w,0.2642009258270263
7nIRj0jgg6w,0.2737829089164734
40sJn4fEpMQ,0.2759525179862976
Egs8T_Xu9EE,0.2662643194198608
7yH_9nvm9fU,0.3287357091903686
P0AG6qpOTPs,0.2830262780189514
LQCQym6hVMo,0.2621840238571167
EllS87Qo_gc,0.3344127535820007
pWAKbgB7CHg,0.2827239036560058
ye-7JDaEifM,0.3155238628387451
WQEIMX3mDyc,0.2938752174377441
gpcTOohKzYw,0.287441611289978
0W8T9QKQAMA,0.2799211740493774
UOhskKdvhrI,0.2498102784156799
HC4A7zCoX6U,0.2911727428436279
oULoamyhycA,0.3157464265823364
gglVDoyAmns,0.3606821298599243
FEou1UOo8ek,0.3664915561676025
_cXLeQYLuCw,0.3894737958908081
udXlrv9J1HE,0.2664479613304138
u8o7YBY_iaw,0.3018574714660644
Ooe-QU-77BI,0.3568847179412842
G-4tJ63X5vo,0.2503467798233032
V-bP1mziAKk,0.2564456462860107
ncfUdhm9JDk,0.3603207468986511
16KaoVmVTPE,0.3168079853057861
VZqok0qjlBk,0.3615418672561645
NS0mpa7K1ZM,0.3022561073303222
TYHhRhr3CQE,0.3546373844146728
Bowd3CLHFy8,0.3417394161224365
Y_yY_m-Lpck,0.3915734887123108
a68_5wd-r5o,0.4816026091575622
EBwsw32VY0I,0.3653565645217895
WqMkSLe2BQM,0.2524667978286743
VZNTxRHHN3U,0.2139869332313537
OuRPA7KmJOs,0.2401812076568603
GgWkY2LThIo,0.3168849945068359
fAfy1SHLjI0,0.3801502585411072
QSWeVyIjoXo,0.3126572370529175
V7jSEMnKTJU,0.1812406778335571
jXCYRfv3_lM,0.1743639707565307
IvMJDmdCxfk,0.2001373767852783
nrvzrEwJ9fI,0.2479892373085022
9PQpYvKdupo,0.3474104404449463
Stb3hfQDfzg,0.3014436960220337
ixUmZiUP3Ko,0.293689489364624
7Cxwmnyv9Sc,0.3432716131210327
H3PwDOUoqlM,0.2352669239044189
H0-WkpmTPrM,0.2462144494056701
cxkUhSMSWXs,0.2840163707733154
fzfVtDPRzt0,0.2805742025375366
t-v_TQO6FVg,0.2915490865707397
ngddfxog-yw,0.2835234403610229
vel7axGDmsE,0.2966187000274658
tkrHMiq4WYQ,0.467444360256195
3SsK-cxlj_w,0.1849478483200073
jBwMeX0tU0U,0.2790014147758484
1ykn3lx-I0w,0.2904792428016662
zhEWqfP6V_w,0.3151342868804931
7i4qb48viM4,0.2724634408950805
oyZ2HQ1zI8E,0.2929519414901733
3eSnuD6yOnA,0.3048803806304931
9ncvEazcJ8U,0.5164864659309387
fKECBVo-63U,0.2070364356040954
M8ZpecCPo54,0.2284440994262695
21TLO0mJpYg,0.1927473545074463
lnln2txTbRY,0.3011958599090576
pHmezoHODew,0.3184449672698974
986TqLsdRZE,0.1762177348136901
U55QFiK8EQs,0.2459791898727417
u6CRO3cE_5w,0.3026258945465088
tZB8EzZrxtY,0.2554109692573547
iRcyp7tWK3w,0.2618275880813598
MPz-U-GOhxg,0.2276331186294555
YASzEtlOeso,0.3211889266967773
1GYbAEGUgm0,0.2016134262084961
ylAAKafcqSE,0.2568815946578979
2vIdnvYHRdc,0.1880970001220703
VyMblPZPh4g,0.2476545572280883
qQI3ENx1SKc,0.2090842723846435
QCFluH5CZbo,0.1998348832130432
L4Xx7IZ4j_Q,0.284328818321228
yX03RI83ZRM,0.2790656685829162
dZa-uMlse1k,0.3142250776290893
J0XY_6jWOxo,0.2949092388153076
LOLshP-RL88,0.2810271978378296
9P2flimeb6I,0.261666476726532
JDiD8Z3lWQk,0.2849971652030945
gTXdCBjI5nM,0.2630759477615356
B-RR9wsa12Q,0.3757243156433105
KBl3b8p3PUM,0.3171643018722534
CAwokHvMFlY,0.2529247403144836
wTxW7sa2rtg,0.2267669439315796
b4zXrA9y9Yo,0.2628968954086303
mcYPiQGyZbM,0.226313829421997
879ysA4h9r4,0.4011975526809692
jm1PuVQAYsU,0.252089262008667
dQU-CrVTPAY,0.2651320099830627
UxHX821KSFY,0.230228304862976
uN3GoTFh_JI,0.1856386661529541
RmTcHmuHQFA,0.2465511560440063
QxdfjLAp8AY,0.296791672706604
SkaewM4YVzQ,0.2695552110671997
uAekYuDHkms,0.3284420371055603
gdShT3dT0yU,0.2598950862884521
nSM-97t7fCc,0.2396847009658813
4Lxrwv9DTK0,0.2915509939193725
mjL5wrGhqoU,0.329345703125
4O8qJNQurQ0,0.2880547046661377
9HmwVYr1LWc,0.3088202476501465
9qm7C7RO0Tg,0.2824082374572754
y_vDkB_Q_yI,0.316104531288147
czbIJYxQH6E,0.239326000213623
CV_jthQ4VNc,0.3547351360321045
fCnln8SHr9Q,0.4922249317169189
eXDU9um19HM,0.4318151473999023
2iPFtZENEq4,0.2722752094268799
UgPbbpEQ1B0,0.3812079429626465
-xFZmyCCVn0,0.3069972991943359
j-BKmFVCM3s,0.2066326141357422
eN2jqTilLOM,0.3164786100387573
KDPW_g2AhAU,0.4215449690818786
5rrM3zl4J_g,0.3062313795089721
_70eLMcnSlc,0.3185626268386841
pavyvF5PrpA,0.455830454826355
ADvf-PIZPLA,0.232262372970581
502ILHjX9EE,0.1873533725738525
j2cTjpdwYrQ,0.35805344581604
49eBJAKyrls,0.2538173198699951
3pRD5AzIGX4,0.433031678199768
gm5F1-kfaJ8,0.3128337264060974
TP56DuUpKBE,0.3907420039176941
IGF_k7xtgMA,0.4730814695358276
X03eztjrMNA,0.306405246257782
YPaLGP_xr-w,0.190938651561737
PqU-hnowpZA,0.3514392375946045
4wyCCcqu-sA,0.3181062340736389
7SQIIUSywcg,0.2820080518722534
L8ff6ft3GOg,0.2408441305160522
G2FeiwNkelM,0.2784602642059326
jljkK9HMa44,0.2881253957748413
hiAsmUjSmdI,0.237046480178833
InoZ7xJJ1Bs,0.3118506669998169
T8_vOpZOOtI,0.4079387784004211
cm3EBJ_zWYo,0.2740236520767212
dfwNQFHq_XQ,0.2847036719322204
7y4l_VKLVzw,0.2393369078636169
7yXQKnit8Eg,0.3408119082450866
QCQ_d0NOF4g,0.2377407550811767
QZ1rhSnk-B0,0.2719326019287109
BORVxbsdkCM,0.216671347618103
-d8sNML3WT8,0.1639309525489807
aolS5frsyHA,0.3886556625366211
5Fbwd_Pdykk,0.2451916933059692
IRRByVy8iVU,0.2921561002731323
U8Cd_McCdow,0.1910977363586425
hurdpPzEKjI,0.181609034538269
eGo4IYlbE5g,0.3209311962127685
RxOBGlYZDeE,0.2851118445396423
422UcuE5saA,0.3210475444793701
0HWcxaQcqWA,0.2744061350822449
nlWfJlM3qGs,0.2711282968521118
njJ8FQXZmcE,0.3729196786880493
pj705DvCSxg,0.3558578491210937
tlO2ph_PesE,0.3259494304656982
MrDU2m-gKQc,0.3369933366775512
AmC9SmCBUj4,0.3715288639068603
obOq23w8eAo,0.26605224609375
SaVizuYytlM,0.3989385366439819
YL9olI6jyNY,0.2414799928665161
5Ux_ipIsNyo,0.2287763357162475
9gGIz4jOUPk,0.3440771102905273
7UytG_91f44,0.256719708442688
RfOGGAqPNoE,0.2414990067481994
ogOK_GXiGtE,0.6117976903915405
qG4IaHgqH00,0.5038767457008362
_BitxBikwCA,0.4853915572166443
s9Qu_JXjbxo,0.3895633816719055
rbhWDMXrcEU,0.3842315673828125
yddImJgbGMo,0.3406994342803955
kVyxAj9DmAw,0.2996149659156799
Mlcqzw-VwY8,0.3497368097305298
lz24W6CQ0HI,0.3801712989807129
vPasmXV-i_g,0.446979284286499
_lt_b22I_ro,0.3036115169525146
f14TUczMrX4,0.2812268137931824
-CGl9vN7z0s,0.3005522489547729
Zywrd-iXG0Y,0.2652421593666076
nUB7IflBBrc,0.2114477753639221
y6s9bqNqxEM,0.1972917318344116
kHuKuCaQamI,0.2931193113327026
5uEW02TbuhU,0.2080591917037964
QUYbN5KXl_Q,0.2786759734153747
XZVHmRvfDHM,0.2799365520477295
_ItLpWohnUk,0.2352197170257568
7yM3rYOkOTQ,0.2362347245216369
04LgoM5TSPM,0.2815045118331909
KMKiQ59g01E,0.189747929573059
v-kRqUhrfic,0.2810343503952026
600RzTL3mXA,0.3100667595863342
4RzNwnp-9yQ,0.2358661890029907
K1HbsQRftfI,0.3361494541168213
3I7qf87w9ac,0.7344110608100891
3NXoxHLyMuw,0.2751824855804443
QaZ93sibpk0,0.2788500785827636
Txqq8q5-cRA,0.2816801071166992
xw9tcyxjwYM,0.3598162531852722
YIAAI3j_vsY,0.2721304893493652
MfZxuKvZiwA,0.3079749941825866
hG5IdasQS9o,0.2819668650627136
L147kFfchtI,0.3605329990386963
kWegd_d4VSM,0.3153139948844909
ANbhxA4xJ3g,0.2732402086257934
a6C0q1Z9pGA,0.2953411340713501
V2OgfwMclLw,0.2975229024887085
KONe4SNFA64,0.3236652612686157
tU-tmfOQo9E,0.2690333724021911
CTKg3WDTb3U,0.3131260871887207
PdRzj1cDVa4,0.2604734897613525
g2qhDUVsghM,0.2788698673248291
o4Of-wXPcqs,0.3256481885910034
FjUzFX5A5BM,0.2542476058006286
g2VpUoJvy-w,0.2880232334136963
i1gw3KcRccY,0.3718260526657104
QQKk-8693rY,0.402104377746582
cgIbzjjbdw8,0.3010467290878296
AUujzcGkN-Q,0.3155913352966308
glsCBOGAf8k,0.3839384317398071
lvbKnaQBL10,0.330049991607666
OY17HIE5fSM,0.257607102394104
y6ZBCw0E_Xg,0.2933018207550049
VO-6aOpdp5c,0.1778912544250488
MTJ1tlfPvjM,0.224636435508728
VLInjyogciw,0.1694653630256652
sTmpbEYUba0,0.2944940328598022
omeKzwAlK04,0.3338364958763122
jldVCbV0usg,0.2329069375991821
3-Zu-vhWEUg,0.3046490550041199
3YA5jNAjt6o,0.3024637103080749
6xxhYr4gbQE,0.2683663368225097
xo5ChWMu4yE,0.3083288669586181
O5_E1p_jbIw,0.3129010200500488
CyZ1ZuhCajw,0.3213653564453125
z-0G2vfjbiI,0.3056130409240722
g1Y2DatQhdU,0.2321906089782714
Ufl10eCvZWQ,0.3085261583328247
Qzw6A2WC5Qo,0.328873872756958
_l4KXnKjw88,0.310255765914917
bqv7mjTaFUM,0.3115268349647522
k_lqOyoLsmc,0.2489372491836547
9QCvbFGtDH4,0.2555873394012451
sSsqvGgwGVc,0.3087952136993408
n4_RdgH-I_0,0.3663788437843323
RBSWgoozAdc,0.2506306767463684
kffacxfA7G4,0.4448006153106689
ZFnd0vDRGS0,0.3436194658279419
Y-en32wDqxI,0.3418223261833191
CHVhwcOg6y8,0.4256354570388794
UUSNhlp5dhE,0.2852097749710083
-YICuUtkjlg,0.3926531076431274
1__IO93Xmiw,0.3388694524765014
ZMozm7JSfM8,0.3418209552764892
wwYmiIn0Za0,0.3474307060241699
V7XQjcffunA,0.34292733669281
81beBPicSUM,0.2582027316093445
f8RWmzO4Epo,0.3826054334640503
3aPkYrKiQjw,0.300523042678833
LAh0F1PcLos,0.3993393182754516
hulIu-A067k,0.3825327754020691
Bvt5vMwG1KE,0.2315162420272827
4_g0Ch6hwaA,0.2918895483016968
yXzfHhg73pA,0.2918747663497925
Oc_Gu4hAzvQ,0.3015148639678955
ZxkMSasv32U,0.2799146175384521
-3Z0l7QrsKo,0.2858054637908935
cHH3M7y1GHA,0.3624085783958435
RbXhJSVoGTw,0.3430925607681274
6YxGCccOEHc,0.2811479568481445
oYC2BL5J4cY,0.3423124551773071
UgI071JSZMQ,0.3706761598587036
weYWmFZk4Ls,0.3020406365394592
mBaH5r4asNk,0.3075119256973266
LX2dDI1KkQ8,0.2514364719390869
ivCY3Ec4iaU,0.3821007013320923
1CXmTz9NaUI,0.2517184019088745
GbJO59nWQRU,0.4761037826538086
5D3crqpClPY,0.3097169399261474
laCpg2ULs00,0.288610577583313
9nzQont2FjY,0.2993265390396118
j9_l7DoWazU,0.2993848323822021
l6wvsjthsPE,0.3192262649536133
Wa-kbAm3_IU,0.2845411300659179
_COpEcIXj-8,0.4005547165870666
FI2J0flYLYw,0.26732337474823
SdL-jg6KxtY,0.3026690483093261
lKoXhTuUOI8,0.2273415923118591
Nv4M4Hf0suU,0.3003737330436706
QlBI5Q1Vn14,0.3022321462631225
SQq4C7NluwY,0.3121356964111328
6GMmFHfQ_Ok,0.3020890951156616
5DCQIZGD8vs,0.3587724566459656
kMzk9n1sIrU,0.2879695892333984
3ZmrbwSPU1c,0.3131210803985595
Y5qKNlcUwKs,0.3475044965744018
LO1dUSjfCFE,0.2314099669456482
Apnm7TAZvt8,0.3633358478546142
c4vi5Q7_DIo,0.3976026177406311
ljbhRXjoDjk,0.4428529739379883
M2oHDG7R45Y,0.336979866027832
vFGWIhnE3i4,0.3293883800506592
8LPVjHxXvJM,0.2924107909202575
1pDpI8YiJsQ,0.3023496270179748
_uS8QRe2qfE,0.3760753870010376
c_cJt6QwTR8,0.2214553952217102
i0buH4SoWGw,0.3186737298965454
Nbh-yvtlRcs,0.2691956758499145
IUhvH8eUazc,0.2850003838539123
n-lMREarydM,0.3244859576225281
JeFxIPPTKvI,0.3020541667938232
2fdp8SVOSF4,0.2609513998031616
aIAy0vn4fRo,0.3181847929954529
FBL1SHwmVFw,0.3834636807441711
oGPxEX2dbTA,0.3075764179229736
ZstrOke8VZA,0.2898832559585571
zPikcd01B7s,0.3629261255264282
zdXzSdwfR_I,0.3217748999595642
qZA080mQiw8,0.3346245884895324
h2aOm7GXoco,0.4118257761001587
uSmmSLMOhI4,0.316920518875122
LywyC3KqAXM,0.2741038799285888
KEvh6AOHLZg,0.308335542678833
9COUA-77qCQ,0.4096689224243164
dh18o6Zd138,0.3128184080123901
EY28I_XtVF8,0.3618437647819519
4KxWciwzhQw,0.374110460281372
u-zBkjndGBY,0.289579689502716
g63PQynxX8s,0.3499848842620849
-OLwP9vXMsk,0.3014939427375793
PqmE5mng5eE,0.3179623484611511
-J8eqDxOiUg,0.3640528321266174
_4cUkB327Ls,0.2961980104446411
uKUO6uuk__8,0.3392915725708008
B9FJfmKv998,0.2856000065803528
zcpMe9kvgTk,0.2980574369430542
MgxEn2jv-YU,0.4635657668113708
SLt5qC2zBxY,0.3092104196548462
pQWszm2az4I,0.3595498204231262
N3b49V2oqwc,0.4130364656448364
Ttoq1NUkMm8,0.244272232055664
98GHT-djVh0,0.4254997372627258
1-6cgn7bquY,0.3489822149276733
2SBmi9lIstI,0.3063864707946777
KAH6qbE-Mvo,0.4381500482559204
teiFpIjevyg,0.4836814403533935
QvwrFo7fXTM,0.2513534426689148
JrCoj5ZVZio,0.2396254539489746
1qnzrtJoXF4,0.2156921625137329
PguxcJaJlTc,0.2779246568679809
WpH24vV-3P0,0.3262530565261841
dLGAhsqxTZo,0.310721218585968
QNwrN5WsZzw,0.3531503081321716
ay3uvuaI9tM,0.2947214841842651
Ya4l6ZoLsOM,0.2954541444778442
ls_pFtSCaDo,0.2953130602836609
c0hQL69I-mg,0.2463130950927734
8luQ8v-jRJg,0.2757095098495483
yFRoKxOkNSk,0.2403044700622558
54_qd5xd0Oc,0.2782734632492065
LQFNBMS_u7E,0.3275027275085449
sg-AMwFga1A,0.2384451627731323
gfKlNfF6Tfo,0.3499993085861206
IYAajhGoewY,0.3746916055679321
RtM7IuywPTk,0.2556542754173279
JHucNu_u774,0.2895539999008178
Zr8pQCfn_R4,0.4792207479476928
Mqtotl85tN4,0.1960266828536987
CisOMl3ibTw,0.2708848714828491
zBX88mtYxyc,0.2902987003326416
a--C9lyvq-k,0.2512078285217285
zG3i9UX14Bk,0.2963082790374756
MJX7VGcJF1c,0.2655897140502929
RADMoVY-EMI,0.2819536924362182
WRsnHpIQPN8,0.3459056615829468
pPZkWxoZy4I,0.3642816543579101
1JsRIZQpkRU,0.3076444864273071
rgb3sxJoZhM,0.2597514390945434
y5Bv_rPTTWc,0.3129779100418091
K8HOZlC5ECQ,0.2947204113006592
EiEifW_Gob0,0.2484385371208191
2hPi38x90ks,0.3137940168380737
7CTtYz2R4nw,0.2831290364265442
RXo7w9uhSQ0,0.3430626988410949
MuaaU0BuCnU,0.249764084815979
W3xmvLgdOVI,0.3047480583190918
ZutmqaiGRrk,0.261834979057312
ctKmI0vbMzg,0.3421884179115295
nDKGAPppxwU,0.2931654453277588
dhe73UMqREI,0.3590551614761352
Jx24ay589mQ,0.3448686599731445
lBvix8cJ_zc,0.3630567193031311
gsmApvRGInU,0.3615151643753052
mK4k80Eaw24,0.2955562472343445
oi1a4UDpo44,0.2492152452468872
tuZZXi6qxjk,0.3260599374771118
j1EUsGrIgMY,0.3296892642974853
7oxlCKMlpZw,0.2507891654968261
_6br-YeGh40,0.2603939771652221
Y9EUPrd_oJw,0.3058369159698486
NQMicLluWfs,0.334702730178833
WY-Jk3Ubs4U,0.2626029253005981
yBBSpeeN9t4,0.3080161809921264
EyRyJ37_5xE,0.407429575920105
HI52nXTLmb8,0.2693864107131958
RpkbKSKhXTY,0.4322678446769714
4cJfxdL6llE,0.2867368459701538
Xg6sA-Z_yo4,0.2698967456817627
hDNSeob7_rA,0.255881667137146
Xg8TTKuSGbA,0.308369517326355
_p2WyFriHNI,0.3178074359893799
QvbpeETBoGg,0.2830314636230469
-klCJ_4PGRo,0.3577553033828735
lFBZJGSgyVQ,0.4134511947631836
3jL6LlUL5wE,0.2137989997863769
Li-DOisUu-g,0.2798084020614624
uLMaR3IM-lc,0.3210611343383789
FOlmTg8mKPk,0.3480983972549438
HwXFdgo_P0Q,0.2157888412475586
JFj1tk1vMN4,0.2597115635871887
Ie3w5uvj-Eo,0.4114458560943603
GlAjeTunopo,0.310046374797821
5kJ9NfYwlcI,0.275456428527832
TRGHIN2PGIA,0.2652852535247803
QJyeOWZkuAI,0.3783798217773437
Hop6L1p00L0,0.339431881904602
LEBCc-Qpilw,0.3277139663696289
CFVLd9lk4KA,0.3069354891777038
8bACuhV5RPM,0.3679955005645752
f5d_Yz5eC60,0.4241788387298584
3dLz8CrX2LY,0.307594358921051
o88is6MRXko,0.2658541798591614
NewuhAriR9k,0.3940420150756836
quGTvp_S6ns,0.2888375520706177
CIRjxMDC5k8,0.3386667370796203
4RPsfu2N5VI,0.2561013698577881
2-0OMIYVUKM,0.3912187814712524
YxGWU4JibVk,0.408133327960968
XsFeMIIi5zY,0.3905749320983886
Wk7QDl6S7hc,0.2876887321472168
T8Tw7XwfboA,0.3662113547325134
8Dps3vSSw-4,0.3119518756866455
ShptLld81eE,0.1765198111534118
OWCSDTTqm3E,0.2897365689277649
ApPkdTNbcY8,0.2932871580123901
UrIphPnkHZo,0.3203449845314026
OAbIYyJuFfA,0.3422334194183349
nrcrGIf0M98,0.2908744812011719
I81j1CEXfhc,0.3190261125564575
wTqpyUJxlRY,0.3365451097488403
rBQQZ30w94w,0.3325837254524231
sBwolw5Cm9U,0.3328801393508911
8ToP_EnAlLU,0.3069354295730591
KPLWWIOCOOQ,0.2676342725753784
9bI6h_9K4s0,0.3565645217895508
V4PPWYCqPKo,0.413978636264801
3jAsNXXCiBg,0.2890664339065552
bm1gvNQtYJQ,0.3224308490753174
v1iZtBM23bY,0.3346195220947265
jqWJ7xAbPnA,0.3124161958694458
gI4qHCdcaQs,0.337834358215332
oMjPz0v5wkg,0.2568607330322265
rBNChsUJ128,0.2951736450195312
jzyJ2p5H_HE,0.2661038041114807
WBpVPpc-Uus,0.2138018012046814
-0jp9XK86Dw,0.2795858383178711
jLThtN7BHSM,0.3033608198165893
QdCWqUTQm-A,0.2567163705825805
erbk87CRLeA,0.3399274349212646
9u0RjKKsPaU,0.3680558800697326
-gYneEqfhuM,0.2858805656433105
hmFQqjMF_f0,0.2274198532104492
QHOmj2TO4mM,0.2387805581092834
UCoGG0qSSrQ,0.2691484093666076
rJBhkkzNDkQ,0.2713773846626282
CISeEFTsgDA,0.2385694980621338
YNZQ70nSycY,0.4666837453842163
lQLzQsYH7z8,0.3384170532226562
U_u91SjrEOE,0.2507666349411011
pMdJxVjZMRI,0.252606987953186
cHylAeteEyI,0.3196184039115906
odhUPMYXpX4,0.3268439769744873
6-Y14rMfnMI,0.4157597422599792
WcOhPXnAi04,0.3319568037986755
XcorLEso5J8,0.3222671747207641
f9573kGBtuE,0.3094003796577453
CaFVx5sSCVE,0.3280090093612671
JQBH1PGIVc4,0.2197195291519165
rniYjUoNbOU,0.3081435561180115
2lvRv2mnYLU,0.385694682598114
igmUnkx0fBw,0.2966189384460449
v6rKIGxAz7c,0.3431563377380371
e8D6Nhrhsxs,0.2833801507949829
jXGBQLSvqYQ,0.3352695107460022
lqbZAYlGfKs,0.3006362915039062
vMhk-Tt1tXU,0.2716248631477356
x9RPJgLL1zg,0.2919673919677734
-gxp_FbFl0I,0.361173927783966
vhns82LvKgE,0.3026033639907837
hRwcYKZ2YzU,0.2968978881835937
lJLtYdNeAZg,0.351955771446228
yqD_a00kY_g,0.3062748908996582
zIeCUbesx7c,0.3641337156295776
FsThr4wk-6k,0.3427257537841797
xkGohExO9oc,0.3562551736831665
1aED098mH_Y,0.3171932697296142
LVNAd-TmjM4,0.3043547868728637
w6Q3mHyzn78,0.3933385014533996
bpyrnAg6uVA,0.2931569218635559
tkgilcMbbjA,0.3500969409942627
MKPJLPy6N4o,0.2916954755783081
9aAb2H2IVbA,0.3804765343666076
XUTt_nxXOwY,0.2732387185096741
_cdlFd5-04E,0.2699017524719238
sp45-dQvqPo,0.2471941709518432
LJaicOI7mwg,0.264308214187622
9wu2328g_6A,0.3130730390548706
WDMOsXn5XPk,0.3135117292404175
FpCiWjDNLjA,0.3008698225021362
yEl-9rYlB3o,0.3248817324638366
E1n_JXSPomg,0.2989414930343628
bTvTIiX6_6U,0.195644736289978
0My8YdNHr78,0.2258759140968322
kGtHPEqmmN4,0.2166877388954162
5rjtKMcvqwA,0.2109485864639282
OVADZrhZF1E,0.3413004875183105
DaB_aqdDWUw,0.2835676074028015
gk-ciEQSQUM,0.3143054842948913
slLhvr4mlUI,0.2789547443389892
PmFnTrb1KRo,0.3141356110572815
VMZkPe15SuE,0.31717050075531
P-0PB4cbtDc,0.3214336037635803
tZNBy-BdM2A,0.2559698820114136
qiiWdTz_MNc,0.2604679465293884
z1PUP2JpKBI,0.3143573999404907
Xz3EpLD_zlA,0.3337635993957519
dFlybZL1mWE,0.3084497451782226
CF9dFpGS7yY,0.3010480999946594
HiIpk3kSHf4,0.2621716260910034
xoUZD1UH_uY,0.2665328979492187
5wo3h2VUsz4,0.3608244061470032
puaX01Ur5oA,0.2751818895339966
Xejs4gGUpjE,0.2765848636627197
zy9IFt2NU28,0.337580919265747
bPFR1AqtgLQ,0.3137990832328796
yCdOya5knaI,0.2642607688903808
k4Bl4TXEm1w,0.2614208459854126
fl0x9Swgfgw,0.2780715823173523
rOqUiXhECos,0.3274552822113037
bHyG-ecqP94,0.2650703191757202
wo1HIH7KIlw,0.3546400070190429
z6_5ltyASKA,0.2866366505622864
ClQsovu57Xs,0.289456844329834
IGEM-rZRD90,0.2584482431411743
5Yo-OQlJzlc,0.3237119317054748
Y5G9m7wnGsA,0.2828404903411865
1ZKpQ_2TGoI,0.3574925661087036
QwiX2bRrkXg,0.3190635442733764
3RifdP_RIpM,0.2503764629364013
vKYoStzwcR0,0.3329764604568481
KHfP3InQc94,0.3005364537239074
rej2Ts_TpwQ,0.3381441831588745
V2-wFDGTKUo,0.3369522094726562
Dt11Y3gcvjY,0.3728486895561218
B1QJpHKC1Jw,0.3110772371292114
s3X2vSCcDUM,0.2952339649200439
8cWBdEowJPw,0.28863126039505
UnIZ_GXP5m4,0.3352448940277099
OyZpZQoV4do,0.2670618295669555
_9Z03xQ2b8c,0.3096581101417541
xq63gZyTP7c,0.2569119930267334
xUY_ymL-V4w,0.4818229675292969
KnIerxYbr4Q,0.2710633873939514
WIUzrqSZX9M,0.2540419101715088
JiUH6LiuMPk,0.3382452130317688
dzY-XIdiZ8g,0.3190144300460815
f_AyjjBAV8c,0.3592950701713562
_raEUMLL-ZI,0.3195208311080932
Mo-IUlmxOpk,0.3768746852874756
6VWQoCNiJK4,0.3353357315063476
kOYy8iCfIJ4,0.2672792673110962
xiB7u8-qRXE,0.2912285327911377
ksTGa6Z4gLg,0.600951224565506
gAxotzIS7ds,0.2697951793670654
FF6PcHQ6jHk,0.3148702383041382
eyFKQElz25o,0.2607186436653137
H6oDVH1L4jc,0.230239987373352
yjmp8CoZBIo,0.397121787071228
Q4kF0lRzGnI,0.2784989476203918
gO_KyTtJg10,0.2862101197242737
_mzeHkQnQrc,0.345905601978302
bTMJwZNMXJ0,0.2981521487236023
xHxsVRM-pS8,0.2698780298233032
1Xt9MXXTtgo,0.3498715162277221
96kZPzCUa5Y,0.3238223195075989
VYWZVm6LjMI,0.3683617711067199
s0KtWNhB1Fk,0.3142373561859131
0iIPe9XrpcM,0.2813823223114013
VDJlWuxMnjg,0.4042064547538757
BFvsKSeeahc,0.2756886482238769
0S6vQgQhJt0,0.2873547673225403
k_rNaqV8B1c,0.3078510761260986
CSOQ_KizIP8,0.3798677921295166
XCIkeoO5re4,0.3525798916816711
fZLLqapzxRQ,0.3160701990127563
rp0cG2KP_lA,0.2645596265792846
oZlYPyJuMM8,0.229688823223114
fF6gExZu-2M,0.2786180973052978
_mDmGaaPhTQ,0.2995903491973877
gGhO1gaz-bU,0.3002927303314209
MdLcP8dJls4,0.242302656173706
2ZLmRi64a-U,0.2430620193481445
nRS7Mf1QaZ0,0.2296671271324157
jxMYcIZstCk,0.59078449010849
hTkdr-GwQu0,0.2625285387039184
qmmmQpkUyFo,0.419223427772522
d41A2ENfqjw,0.5890529751777649
y4vO9EVKZoM,0.2530075311660766
XGYT6RaFX6w,0.2947392463684082
ZU8Xl04-ZIE,0.2700741291046142
vFZG8oWA2vw,0.2031357884407043
J1rD63L3d0M,0.4579859375953674
wb6zZfakPJ0,0.3087878227233886
Ila2XMCBF3Q,0.2800091505050659
2_S8-0UfkUA,0.2713613510131836
MkkLOLXLLpY,0.3188008069992065
LXY_HIU9CwQ,0.3629437685012817
ExFOYMV0Oj0,0.3229868412017822
BKX6EhDrgqQ,0.2588050365447998
ckbfS99N6jY,0.2175182104110717
YSLk4WziVmM,0.2539058327674866
k5tLrVAYeVw,0.2221052646636963
jmhLmUc6WVI,0.3230084180831909
wD2cVhC-63I,0.2784116268157959
BJG2xmvl8Bs,0.3123978972434997
4CcBKY1eCTM,0.2049095034599304
wp4YZdSz2aA,0.2034619450569152
ZSAoETxubSI,0.2376648783683776
q_2v0drKUCc,0.310260534286499
_3MbDncHpfo,0.3072808384895324
jGO5lFxQPHA,0.3182362914085388
ajavsMbCapY,0.2273992300033569
LY8L6C7tsx8,0.2794049382209778
W3QtP1hLBcQ,0.2606387138366699
CPU1P38nTkY,0.2352352738380432
